Record Length,2.500000e+03,,  -0.000250000000,   9.20000,
Sample Interval,2.000000e-07,,  -0.000249800000,   9.20000,
Trigger Point,1.250000000000e+03,,  -0.000249600000,   9.60000,
,,,  -0.000249400000,   9.20000,
,,,  -0.000249200000,   9.60000,
,,,  -0.000249000000,   9.60000,
Source,CH1,,  -0.000248800000,   8.40000,
Vertical Units,V,,  -0.000248600000,   9.60000,
Vertical Scale,1.000000e+01,,  -0.000248400000,   9.60000,
Vertical Offset,2.000000e+01,,  -0.000248200000,   9.60000,
Horizontal Units,s,,  -0.000248000000,   9.20000,
Horizontal Scale,5.000000e-05,,  -0.000247800000,   9.20000,
Pt Fmt,Y,,  -0.000247600000,   9.60000,
Yzero,0.000000e+00,,  -0.000247400000,   9.60000,
Probe Atten,1.000000e+01,,  -0.000247200000,   9.20000,
Model Number,TDS2002C,,  -0.000247000000,   9.20000,
Serial Number,C014054,,  -0.000246800000,   9.60000,
Firmware Version,FV:v24.15,,  -0.000246600000,   9.60000,
,,,-00.000246400000,   9.20000,
,,,-00.000246200000,  10.00000,
,,,-00.000246000000,   9.60000,
,,,-00.000245800000,   9.60000,
,,,-00.000245600000,   9.60000,
,,,-00.000245400000,   8.80000,
,,,-00.000245200000,   9.60000,
,,,-00.000245000000,   9.60000,
,,,-00.000244800000,   9.20000,
,,,-00.000244600000,   9.60000,
,,,-00.000244400000,   9.60000,
,,,-00.000244200000,   9.60000,
,,,-00.000244000000,   9.60000,
,,,-00.000243800000,   9.60000,
,,,-00.000243600000,   9.20000,
,,,-00.000243400000,   9.20000,
,,,-00.000243200000,   9.20000,
,,,-00.000243000000,   9.60000,
,,,-00.000242800000,   9.20000,
,,,-00.000242600000,   9.60000,
,,,-00.000242400000,   9.60000,
,,,-00.000242200000,   8.80000,
,,,-00.000242000000,   9.20000,
,,,-00.000241800000,   9.20000,
,,,-00.000241600000,   9.20000,
,,,-00.000241400000,   9.20000,
,,,-00.000241200000,   9.60000,
,,,-00.000241000000,   9.20000,
,,,-00.000240800000,   9.60000,
,,,-00.000240600000,   9.20000,
,,,-00.000240400000,   8.80000,
,,,-00.000240200000,   9.60000,
,,,-00.000240000000,   9.20000,
,,,-00.000239800000,   9.60000,
,,,-00.000239600000,   9.20000,
,,,-00.000239400000,  10.00000,
,,,-00.000239200000,   9.60000,
,,,-00.000239000000,   9.20000,
,,,-00.000238800000,   8.80000,
,,,-00.000238600000,   9.20000,
,,,-00.000238400000,   9.60000,
,,,-00.000238200000,   9.20000,
,,,-00.000238000000,   9.60000,
,,,-00.000237800000,   8.80000,
,,,-00.000237600000,   9.60000,
,,,-00.000237400000,   9.60000,
,,,-00.000237200000,   8.80000,
,,,-00.000237000000,   9.20000,
,,,-00.000236800000,   9.20000,
,,,-00.000236600000,   9.60000,
,,,-00.000236400000,   9.20000,
,,,-00.000236200000,   8.80000,
,,,-00.000236000000,   9.60000,
,,,-00.000235800000,   9.60000,
,,,-00.000235600000,   9.20000,
,,,-00.000235400000,   8.80000,
,,,-00.000235200000,   9.20000,
,,,-00.000235000000,   9.20000,
,,,-00.000234800000,   9.60000,
,,,-00.000234600000,   9.60000,
,,,-00.000234400000,   9.20000,
,,,-00.000234200000,   9.60000,
,,,-00.000234000000,   9.20000,
,,,-00.000233800000,   9.20000,
,,,-00.000233600000,   9.20000,
,,,-00.000233400000,   9.20000,
,,,-00.000233200000,   9.20000,
,,,-00.000233000000,   8.80000,
,,,-00.000232800000,   9.20000,
,,,-00.000232600000,   9.20000,
,,,-00.000232400000,   9.20000,
,,,-00.000232200000,   8.80000,
,,,-00.000232000000,   9.20000,
,,,-00.000231800000,   9.20000,
,,,-00.000231600000,   9.20000,
,,,-00.000231400000,   9.20000,
,,,-00.000231200000,   9.60000,
,,,-00.000231000000,   9.60000,
,,,-00.000230800000,   9.60000,
,,,-00.000230600000,   8.40000,
,,,-00.000230400000,   9.20000,
,,,-00.000230200000,   9.20000,
,,,-00.000230000000,   9.60000,
,,,-00.000229800000,   9.60000,
,,,-00.000229600000,   9.20000,
,,,-00.000229400000,   9.60000,
,,,-00.000229200000,   9.60000,
,,,-00.000229000000,   9.20000,
,,,-00.000228800000,   9.20000,
,,,-00.000228600000,  10.00000,
,,,-00.000228400000,  10.00000,
,,,-00.000228200000,   9.20000,
,,,-00.000228000000,   9.20000,
,,,-00.000227800000,   9.60000,
,,,-00.000227600000,  10.00000,
,,,-00.000227400000,   9.20000,
,,,-00.000227200000,   8.80000,
,,,-00.000227000000,   9.60000,
,,,-00.000226800000,   9.20000,
,,,-00.000226600000,   9.20000,
,,,-00.000226400000,   9.60000,
,,,-00.000226200000,   9.20000,
,,,-00.000226000000,   9.20000,
,,,-00.000225800000,   9.20000,
,,,-00.000225600000,   9.20000,
,,,-00.000225400000,   9.20000,
,,,-00.000225200000,   9.60000,
,,,-00.000225000000,   9.20000,
,,,-00.000224800000,   9.20000,
,,,-00.000224600000,   9.60000,
,,,-00.000224400000,  10.00000,
,,,-00.000224200000,   9.20000,
,,,-00.000224000000,   9.20000,
,,,-00.000223800000,   9.20000,
,,,-00.000223600000,   8.80000,
,,,-00.000223400000,   9.20000,
,,,-00.000223200000,   9.20000,
,,,-00.000223000000,   9.60000,
,,,-00.000222800000,   9.60000,
,,,-00.000222600000,  10.00000,
,,,-00.000222400000,   8.80000,
,,,-00.000222200000,   8.80000,
,,,-00.000222000000,   9.60000,
,,,-00.000221800000,   9.60000,
,,,-00.000221600000,   8.80000,
,,,-00.000221400000,   9.60000,
,,,-00.000221200000,   9.60000,
,,,-00.000221000000,   9.60000,
,,,-00.000220800000,   9.20000,
,,,-00.000220600000,   8.80000,
,,,-00.000220400000,   9.60000,
,,,-00.000220200000,  10.00000,
,,,-00.000220000000,   9.20000,
,,,-00.000219800000,   9.20000,
,,,-00.000219600000,   9.60000,
,,,-00.000219400000,   9.20000,
,,,-00.000219200000,   9.60000,
,,,-00.000219000000,   8.40000,
,,,-00.000218800000,   8.80000,
,,,-00.000218600000,   9.20000,
,,,-00.000218400000,   9.20000,
,,,-00.000218200000,   9.20000,
,,,-00.000218000000,   9.20000,
,,,-00.000217800000,   9.60000,
,,,-00.000217600000,   9.60000,
,,,-00.000217400000,   8.40000,
,,,-00.000217200000,   8.80000,
,,,-00.000217000000,   9.20000,
,,,-00.000216800000,   8.80000,
,,,-00.000216600000,   9.20000,
,,,-00.000216400000,   9.20000,
,,,-00.000216200000,   8.80000,
,,,-00.000216000000,   9.60000,
,,,-00.000215800000,   9.20000,
,,,-00.000215600000,   9.20000,
,,,-00.000215400000,   9.20000,
,,,-00.000215200000,   9.20000,
,,,-00.000215000000,   9.20000,
,,,-00.000214800000,   9.20000,
,,,-00.000214600000,   9.60000,
,,,-00.000214400000,   9.60000,
,,,-00.000214200000,   9.60000,
,,,-00.000214000000,   8.40000,
,,,-00.000213800000,   9.20000,
,,,-00.000213600000,   9.20000,
,,,-00.000213400000,   9.20000,
,,,-00.000213200000,   9.20000,
,,,-00.000213000000,   9.20000,
,,,-00.000212800000,   9.20000,
,,,-00.000212600000,   9.20000,
,,,-00.000212400000,   9.20000,
,,,-00.000212200000,   9.20000,
,,,-00.000212000000,   9.20000,
,,,-00.000211800000,   9.20000,
,,,-00.000211600000,   8.80000,
,,,-00.000211400000,   9.60000,
,,,-00.000211200000,   9.20000,
,,,-00.000211000000,  10.00000,
,,,-00.000210800000,   8.80000,
,,,-00.000210600000,   9.20000,
,,,-00.000210400000,   9.60000,
,,,-00.000210200000,   9.20000,
,,,-00.000210000000,   9.20000,
,,,-00.000209800000,   9.20000,
,,,-00.000209600000,   9.20000,
,,,-00.000209400000,   9.60000,
,,,-00.000209200000,   8.40000,
,,,-00.000209000000,   8.80000,
,,,-00.000208800000,   9.60000,
,,,-00.000208600000,   9.20000,
,,,-00.000208400000,   9.20000,
,,,-00.000208200000,   9.20000,
,,,-00.000208000000,   9.20000,
,,,-00.000207800000,  10.00000,
,,,-00.000207600000,   8.80000,
,,,-00.000207400000,   8.80000,
,,,-00.000207200000,   9.20000,
,,,-00.000207000000,   9.20000,
,,,-00.000206800000,   9.60000,
,,,-00.000206600000,   8.80000,
,,,-00.000206400000,   9.20000,
,,,-00.000206200000,   9.60000,
,,,-00.000206000000,   9.60000,
,,,-00.000205800000,   8.80000,
,,,-00.000205600000,   9.20000,
,,,-00.000205400000,   9.60000,
,,,-00.000205200000,   9.60000,
,,,-00.000205000000,   9.20000,
,,,-00.000204800000,   9.20000,
,,,-00.000204600000,   9.20000,
,,,-00.000204400000,   9.20000,
,,,-00.000204200000,   9.20000,
,,,-00.000204000000,   9.20000,
,,,-00.000203800000,   9.20000,
,,,-00.000203600000,   9.20000,
,,,-00.000203400000,   9.20000,
,,,-00.000203200000,   9.20000,
,,,-00.000203000000,   9.20000,
,,,-00.000202800000,   9.60000,
,,,-00.000202600000,   8.80000,
,,,-00.000202400000,   8.80000,
,,,-00.000202200000,   8.80000,
,,,-00.000202000000,   9.60000,
,,,-00.000201800000,   9.20000,
,,,-00.000201600000,   9.20000,
,,,-00.000201400000,   9.60000,
,,,-00.000201200000,   9.60000,
,,,-00.000201000000,   8.80000,
,,,-00.000200800000,   8.40000,
,,,-00.000200600000,   8.00000,
,,,-00.000200400000,   4.00000,
,,,-00.000200200000,  -1.60000,
,,,-00.000200000000,  -8.40000,
,,,-00.000199800000, -11.60000,
,,,-00.000199600000, -11.60000,
,,,-00.000199400000, -12.00000,
,,,-00.000199200000, -12.00000,
,,,-00.000199000000, -10.00000,
,,,-00.000198800000, -11.20000,
,,,-00.000198600000, -11.20000,
,,,-00.000198400000, -11.20000,
,,,-00.000198200000, -11.20000,
,,,-00.000198000000, -10.80000,
,,,-00.000197800000, -10.80000,
,,,-00.000197600000, -11.20000,
,,,-00.000197400000, -11.20000,
,,,-00.000197200000, -11.20000,
,,,-00.000197000000, -10.80000,
,,,-00.000196800000, -10.80000,
,,,-00.000196600000, -11.20000,
,,,-00.000196400000, -10.80000,
,,,-00.000196200000, -11.20000,
,,,-00.000196000000, -11.20000,
,,,-00.000195800000, -10.80000,
,,,-00.000195600000, -11.20000,
,,,-00.000195400000, -11.20000,
,,,-00.000195200000, -11.20000,
,,,-00.000195000000, -10.80000,
,,,-00.000194800000, -11.20000,
,,,-00.000194600000, -10.80000,
,,,-00.000194400000, -10.80000,
,,,-00.000194200000, -11.20000,
,,,-00.000194000000, -11.20000,
,,,-00.000193800000, -11.20000,
,,,-00.000193600000, -10.80000,
,,,-00.000193400000, -11.20000,
,,,-00.000193200000, -10.80000,
,,,-00.000193000000, -11.20000,
,,,-00.000192800000, -11.20000,
,,,-00.000192600000, -11.60000,
,,,-00.000192400000, -11.20000,
,,,-00.000192200000, -11.20000,
,,,-00.000192000000, -10.80000,
,,,-00.000191800000, -10.80000,
,,,-00.000191600000, -11.20000,
,,,-00.000191400000, -11.20000,
,,,-00.000191200000, -11.20000,
,,,-00.000191000000, -11.60000,
,,,-00.000190800000, -10.80000,
,,,-00.000190600000, -11.20000,
,,,-00.000190400000, -11.20000,
,,,-00.000190200000, -11.20000,
,,,-00.000190000000, -11.20000,
,,,-00.000189800000, -10.80000,
,,,-00.000189600000, -10.80000,
,,,-00.000189400000, -11.60000,
,,,-00.000189200000, -11.20000,
,,,-00.000189000000, -10.80000,
,,,-00.000188800000, -10.40000,
,,,-00.000188600000, -11.20000,
,,,-00.000188400000, -11.20000,
,,,-00.000188200000, -10.80000,
,,,-00.000188000000, -10.80000,
,,,-00.000187800000, -11.20000,
,,,-00.000187600000, -11.20000,
,,,-00.000187400000, -11.20000,
,,,-00.000187200000, -11.20000,
,,,-00.000187000000, -11.20000,
,,,-00.000186800000, -10.80000,
,,,-00.000186600000, -10.80000,
,,,-00.000186400000, -11.20000,
,,,-00.000186200000, -11.20000,
,,,-00.000186000000, -11.60000,
,,,-00.000185800000, -11.60000,
,,,-00.000185600000, -10.80000,
,,,-00.000185400000, -10.80000,
,,,-00.000185200000, -11.20000,
,,,-00.000185000000, -11.20000,
,,,-00.000184800000, -11.20000,
,,,-00.000184600000, -11.20000,
,,,-00.000184400000, -11.20000,
,,,-00.000184200000, -11.20000,
,,,-00.000184000000, -11.20000,
,,,-00.000183800000, -11.20000,
,,,-00.000183600000, -10.80000,
,,,-00.000183400000, -11.20000,
,,,-00.000183200000, -10.80000,
,,,-00.000183000000, -10.80000,
,,,-00.000182800000, -10.80000,
,,,-00.000182600000, -11.20000,
,,,-00.000182400000, -11.20000,
,,,-00.000182200000, -10.80000,
,,,-00.000182000000, -11.60000,
,,,-00.000181800000, -10.80000,
,,,-00.000181600000, -11.60000,
,,,-00.000181400000, -10.80000,
,,,-00.000181200000, -11.20000,
,,,-00.000181000000, -11.20000,
,,,-00.000180800000, -11.20000,
,,,-00.000180600000, -11.20000,
,,,-00.000180400000, -10.80000,
,,,-00.000180200000, -11.20000,
,,,-00.000180000000, -10.80000,
,,,-00.000179800000, -11.20000,
,,,-00.000179600000, -11.20000,
,,,-00.000179400000, -11.20000,
,,,-00.000179200000, -11.20000,
,,,-00.000179000000, -10.80000,
,,,-00.000178800000, -10.80000,
,,,-00.000178600000, -11.20000,
,,,-00.000178400000, -11.60000,
,,,-00.000178200000, -11.60000,
,,,-00.000178000000, -10.80000,
,,,-00.000177800000, -11.20000,
,,,-00.000177600000, -10.80000,
,,,-00.000177400000, -10.80000,
,,,-00.000177200000, -11.20000,
,,,-00.000177000000, -10.80000,
,,,-00.000176800000, -11.20000,
,,,-00.000176600000, -11.20000,
,,,-00.000176400000, -10.80000,
,,,-00.000176200000, -11.20000,
,,,-00.000176000000, -11.20000,
,,,-00.000175800000, -11.20000,
,,,-00.000175600000, -11.20000,
,,,-00.000175400000, -11.60000,
,,,-00.000175200000, -10.80000,
,,,-00.000175000000, -10.80000,
,,,-00.000174800000, -11.20000,
,,,-00.000174600000, -11.20000,
,,,-00.000174400000, -10.80000,
,,,-00.000174200000, -10.80000,
,,,-00.000174000000, -10.80000,
,,,-00.000173800000, -10.80000,
,,,-00.000173600000, -11.20000,
,,,-00.000173400000, -11.20000,
,,,-00.000173200000, -11.20000,
,,,-00.000173000000, -10.80000,
,,,-00.000172800000, -11.60000,
,,,-00.000172600000, -11.60000,
,,,-00.000172400000, -10.80000,
,,,-00.000172200000, -11.20000,
,,,-00.000172000000, -11.20000,
,,,-00.000171800000, -11.20000,
,,,-00.000171600000, -11.20000,
,,,-00.000171400000, -10.80000,
,,,-00.000171200000, -11.20000,
,,,-00.000171000000, -11.20000,
,,,-00.000170800000, -11.20000,
,,,-00.000170600000, -10.80000,
,,,-00.000170400000, -11.20000,
,,,-00.000170200000, -11.20000,
,,,-00.000170000000, -11.60000,
,,,-00.000169800000, -11.20000,
,,,-00.000169600000, -11.60000,
,,,-00.000169400000, -11.60000,
,,,-00.000169200000, -10.80000,
,,,-00.000169000000, -11.20000,
,,,-00.000168800000, -11.20000,
,,,-00.000168600000, -11.20000,
,,,-00.000168400000, -10.80000,
,,,-00.000168200000, -10.80000,
,,,-00.000168000000, -11.20000,
,,,-00.000167800000, -11.20000,
,,,-00.000167600000, -11.20000,
,,,-00.000167400000, -10.80000,
,,,-00.000167200000, -10.80000,
,,,-00.000167000000, -11.60000,
,,,-00.000166800000, -10.80000,
,,,-00.000166600000, -11.20000,
,,,-00.000166400000, -11.20000,
,,,-00.000166200000, -11.20000,
,,,-00.000166000000, -11.60000,
,,,-00.000165800000, -10.40000,
,,,-00.000165600000, -10.80000,
,,,-00.000165400000, -10.80000,
,,,-00.000165200000, -11.20000,
,,,-00.000165000000, -10.80000,
,,,-00.000164800000, -10.80000,
,,,-00.000164600000, -11.20000,
,,,-00.000164400000, -11.20000,
,,,-00.000164200000, -11.20000,
,,,-00.000164000000, -11.20000,
,,,-00.000163800000, -11.20000,
,,,-00.000163600000, -11.20000,
,,,-00.000163400000, -10.80000,
,,,-00.000163200000, -10.80000,
,,,-00.000163000000, -11.20000,
,,,-00.000162800000, -11.20000,
,,,-00.000162600000, -11.20000,
,,,-00.000162400000, -10.80000,
,,,-00.000162200000, -11.20000,
,,,-00.000162000000, -11.20000,
,,,-00.000161800000, -10.80000,
,,,-00.000161600000, -10.40000,
,,,-00.000161400000, -11.20000,
,,,-00.000161200000, -11.20000,
,,,-00.000161000000, -10.80000,
,,,-00.000160800000, -10.80000,
,,,-00.000160600000, -11.20000,
,,,-00.000160400000, -10.80000,
,,,-00.000160200000, -10.80000,
,,,-00.000160000000, -11.60000,
,,,-00.000159800000, -11.20000,
,,,-00.000159600000, -10.80000,
,,,-00.000159400000, -11.60000,
,,,-00.000159200000, -10.80000,
,,,-00.000159000000, -10.80000,
,,,-00.000158800000, -11.60000,
,,,-00.000158600000, -11.20000,
,,,-00.000158400000, -11.20000,
,,,-00.000158200000, -11.20000,
,,,-00.000158000000, -10.80000,
,,,-00.000157800000, -11.20000,
,,,-00.000157600000, -10.80000,
,,,-00.000157400000, -11.20000,
,,,-00.000157200000, -10.80000,
,,,-00.000157000000, -11.20000,
,,,-00.000156800000, -10.80000,
,,,-00.000156600000, -11.20000,
,,,-00.000156400000, -11.20000,
,,,-00.000156200000, -11.20000,
,,,-00.000156000000, -11.20000,
,,,-00.000155800000, -10.80000,
,,,-00.000155600000, -11.20000,
,,,-00.000155400000, -11.60000,
,,,-00.000155200000, -11.60000,
,,,-00.000155000000, -10.80000,
,,,-00.000154800000, -10.80000,
,,,-00.000154600000, -10.80000,
,,,-00.000154400000, -11.20000,
,,,-00.000154200000, -11.20000,
,,,-00.000154000000, -11.20000,
,,,-00.000153800000, -11.20000,
,,,-00.000153600000, -11.20000,
,,,-00.000153400000, -11.60000,
,,,-00.000153200000, -10.80000,
,,,-00.000153000000, -11.60000,
,,,-00.000152800000, -11.20000,
,,,-00.000152600000, -10.80000,
,,,-00.000152400000, -11.20000,
,,,-00.000152200000, -11.20000,
,,,-00.000152000000, -10.80000,
,,,-00.000151800000, -11.20000,
,,,-00.000151600000, -10.80000,
,,,-00.000151400000, -11.20000,
,,,-00.000151200000, -10.80000,
,,,-00.000151000000, -11.20000,
,,,-00.000150800000, -10.80000,
,,,-00.000150600000, -10.80000,
,,,-00.000150400000, -10.80000,
,,,-00.000150200000, -11.20000,
,,,-00.000150000000, -10.40000,
,,,-00.000149800000, -11.60000,
,,,-00.000149600000, -11.20000,
,,,-00.000149400000, -10.80000,
,,,-00.000149200000, -10.80000,
,,,-00.000149000000, -10.80000,
,,,-00.000148800000, -11.20000,
,,,-00.000148600000, -10.80000,
,,,-00.000148400000, -10.40000,
,,,-00.000148200000, -10.80000,
,,,-00.000148000000, -10.80000,
,,,-00.000147800000, -10.80000,
,,,-00.000147600000, -10.80000,
,,,-00.000147400000, -11.20000,
,,,-00.000147200000, -10.80000,
,,,-00.000147000000, -10.80000,
,,,-00.000146800000, -10.80000,
,,,-00.000146600000, -10.80000,
,,,-00.000146400000, -11.20000,
,,,-00.000146200000, -10.80000,
,,,-00.000146000000, -10.80000,
,,,-00.000145800000, -10.80000,
,,,-00.000145600000, -10.80000,
,,,-00.000145400000, -10.80000,
,,,-00.000145200000, -10.80000,
,,,-00.000145000000, -10.80000,
,,,-00.000144800000, -11.20000,
,,,-00.000144600000, -10.80000,
,,,-00.000144400000, -11.20000,
,,,-00.000144200000, -10.80000,
,,,-00.000144000000, -11.20000,
,,,-00.000143800000, -11.20000,
,,,-00.000143600000, -10.80000,
,,,-00.000143400000, -10.80000,
,,,-00.000143200000, -11.60000,
,,,-00.000143000000, -11.20000,
,,,-00.000142800000, -10.40000,
,,,-00.000142600000, -10.80000,
,,,-00.000142400000, -11.20000,
,,,-00.000142200000, -10.80000,
,,,-00.000142000000, -11.20000,
,,,-00.000141800000, -10.80000,
,,,-00.000141600000, -11.20000,
,,,-00.000141400000, -11.20000,
,,,-00.000141200000, -11.20000,
,,,-00.000141000000, -10.80000,
,,,-00.000140800000, -10.80000,
,,,-00.000140600000, -11.20000,
,,,-00.000140400000, -10.80000,
,,,-00.000140200000, -11.20000,
,,,-00.000140000000, -11.20000,
,,,-00.000139800000, -11.60000,
,,,-00.000139600000, -11.20000,
,,,-00.000139400000, -11.20000,
,,,-00.000139200000, -10.80000,
,,,-00.000139000000, -10.80000,
,,,-00.000138800000, -11.20000,
,,,-00.000138600000, -10.80000,
,,,-00.000138400000, -10.40000,
,,,-00.000138200000,  -8.80000,
,,,-00.000138000000,  -6.80000,
,,,-00.000137800000,  -4.00000,
,,,-00.000137600000,  -0.80000,
,,,-00.000137400000,   2.00000,
,,,-00.000137200000,   4.40000,
,,,-00.000137000000,   7.20000,
,,,-00.000136800000,   9.20000,
,,,-00.000136600000,   8.80000,
,,,-00.000136400000,   9.60000,
,,,-00.000136200000,   9.60000,
,,,-00.000136000000,   9.20000,
,,,-00.000135800000,   9.20000,
,,,-00.000135600000,   9.60000,
,,,-00.000135400000,   9.60000,
,,,-00.000135200000,  10.00000,
,,,-00.000135000000,   9.20000,
,,,-00.000134800000,   9.20000,
,,,-00.000134600000,   9.60000,
,,,-00.000134400000,   8.80000,
,,,-00.000134200000,   9.20000,
,,,-00.000134000000,   8.80000,
,,,-00.000133800000,   9.60000,
,,,-00.000133600000,   9.20000,
,,,-00.000133400000,   9.20000,
,,,-00.000133200000,   8.80000,
,,,-00.000133000000,   9.20000,
,,,-00.000132800000,   9.60000,
,,,-00.000132600000,   9.60000,
,,,-00.000132400000,   9.20000,
,,,-00.000132200000,   9.60000,
,,,-00.000132000000,   9.60000,
,,,-00.000131800000,   9.60000,
,,,-00.000131600000,   8.40000,
,,,-00.000131400000,   8.80000,
,,,-00.000131200000,   9.20000,
,,,-00.000131000000,   9.60000,
,,,-00.000130800000,   9.60000,
,,,-00.000130600000,   9.60000,
,,,-00.000130400000,   9.60000,
,,,-00.000130200000,   9.60000,
,,,-00.000130000000,   8.80000,
,,,-00.000129800000,   8.80000,
,,,-00.000129600000,   9.60000,
,,,-00.000129400000,   9.60000,
,,,-00.000129200000,   9.20000,
,,,-00.000129000000,   9.20000,
,,,-00.000128800000,   9.20000,
,,,-00.000128600000,  10.00000,
,,,-00.000128400000,   9.20000,
,,,-00.000128200000,   9.20000,
,,,-00.000128000000,   9.60000,
,,,-00.000127800000,   8.80000,
,,,-00.000127600000,   8.80000,
,,,-00.000127400000,   9.20000,
,,,-00.000127200000,   9.60000,
,,,-00.000127000000,   9.60000,
,,,-00.000126800000,   9.60000,
,,,-00.000126600000,   9.20000,
,,,-00.000126400000,   9.60000,
,,,-00.000126200000,   9.60000,
,,,-00.000126000000,   9.60000,
,,,-00.000125800000,   9.20000,
,,,-00.000125600000,   9.60000,
,,,-00.000125400000,  10.00000,
,,,-00.000125200000,   9.60000,
,,,-00.000125000000,   9.20000,
,,,-00.000124800000,   9.20000,
,,,-00.000124600000,   9.60000,
,,,-00.000124400000,   9.60000,
,,,-00.000124200000,   9.20000,
,,,-00.000124000000,   9.20000,
,,,-00.000123800000,  10.00000,
,,,-00.000123600000,   9.60000,
,,,-00.000123400000,   8.80000,
,,,-00.000123200000,   9.20000,
,,,-00.000123000000,   9.20000,
,,,-00.000122800000,   9.60000,
,,,-00.000122600000,   8.80000,
,,,-00.000122400000,   9.20000,
,,,-00.000122200000,   9.20000,
,,,-00.000122000000,  10.00000,
,,,-00.000121800000,   9.60000,
,,,-00.000121600000,   8.80000,
,,,-00.000121400000,   9.20000,
,,,-00.000121200000,   9.20000,
,,,-00.000121000000,   9.60000,
,,,-00.000120800000,   9.60000,
,,,-00.000120600000,  10.00000,
,,,-00.000120400000,   9.20000,
,,,-00.000120200000,   9.20000,
,,,-00.000120000000,   9.60000,
,,,-00.000119800000,   9.20000,
,,,-00.000119600000,   9.60000,
,,,-00.000119400000,   9.20000,
,,,-00.000119200000,   9.20000,
,,,-00.000119000000,   9.20000,
,,,-00.000118800000,  10.00000,
,,,-00.000118600000,   9.20000,
,,,-00.000118400000,   8.80000,
,,,-00.000118200000,   8.80000,
,,,-00.000118000000,   9.60000,
,,,-00.000117800000,   9.60000,
,,,-00.000117600000,   9.60000,
,,,-00.000117400000,   9.20000,
,,,-00.000117200000,   9.60000,
,,,-00.000117000000,   9.20000,
,,,-00.000116800000,   9.20000,
,,,-00.000116600000,   9.60000,
,,,-00.000116400000,   9.20000,
,,,-00.000116200000,   9.20000,
,,,-00.000116000000,   9.20000,
,,,-00.000115800000,   9.60000,
,,,-00.000115600000,   9.20000,
,,,-00.000115400000,  10.00000,
,,,-00.000115200000,   9.20000,
,,,-00.000115000000,   8.80000,
,,,-00.000114800000,   9.20000,
,,,-00.000114600000,   9.20000,
,,,-00.000114400000,   9.20000,
,,,-00.000114200000,   9.60000,
,,,-00.000114000000,   9.60000,
,,,-00.000113800000,   9.20000,
,,,-00.000113600000,   9.20000,
,,,-00.000113400000,   9.20000,
,,,-00.000113200000,   9.20000,
,,,-00.000113000000,   9.20000,
,,,-00.000112800000,   9.60000,
,,,-00.000112600000,   9.20000,
,,,-00.000112400000,   9.20000,
,,,-00.000112200000,  10.00000,
,,,-00.000112000000,   9.60000,
,,,-00.000111800000,   8.40000,
,,,-00.000111600000,   9.20000,
,,,-00.000111400000,   9.20000,
,,,-00.000111200000,  10.00000,
,,,-00.000111000000,   9.60000,
,,,-00.000110800000,   9.60000,
,,,-00.000110600000,   9.20000,
,,,-00.000110400000,  10.00000,
,,,-00.000110200000,   8.80000,
,,,-00.000110000000,   9.20000,
,,,-00.000109800000,   9.60000,
,,,-00.000109600000,   9.60000,
,,,-00.000109400000,   9.20000,
,,,-00.000109200000,   9.20000,
,,,-00.000109000000,   9.60000,
,,,-00.000108800000,   9.60000,
,,,-00.000108600000,   9.20000,
,,,-00.000108400000,   8.80000,
,,,-00.000108200000,   9.20000,
,,,-00.000108000000,   9.60000,
,,,-00.000107800000,   9.60000,
,,,-00.000107600000,   9.20000,
,,,-00.000107400000,   9.20000,
,,,-00.000107200000,   9.20000,
,,,-00.000107000000,   9.60000,
,,,-00.000106800000,   9.20000,
,,,-00.000106600000,   9.20000,
,,,-00.000106400000,   9.60000,
,,,-00.000106200000,   9.60000,
,,,-00.000106000000,   9.20000,
,,,-00.000105800000,   9.60000,
,,,-00.000105600000,   9.20000,
,,,-00.000105400000,   9.60000,
,,,-00.000105200000,   9.60000,
,,,-00.000105000000,   9.20000,
,,,-00.000104800000,   9.20000,
,,,-00.000104600000,   9.60000,
,,,-00.000104400000,   9.20000,
,,,-00.000104200000,   9.20000,
,,,-00.000104000000,   9.60000,
,,,-00.000103800000,  10.00000,
,,,-00.000103600000,   9.20000,
,,,-00.000103400000,   9.20000,
,,,-00.000103200000,   9.60000,
,,,-00.000103000000,   9.20000,
,,,-00.000102800000,   9.20000,
,,,-00.000102600000,  10.00000,
,,,-00.000102400000,   9.20000,
,,,-00.000102200000,  10.00000,
,,,-00.000102000000,   9.20000,
,,,-00.000101800000,   8.80000,
,,,-00.000101600000,   9.60000,
,,,-00.000101400000,   9.60000,
,,,-00.000101200000,   9.20000,
,,,-00.000101000000,   9.60000,
,,,-00.000100800000,   9.60000,
,,,-00.000100600000,   9.20000,
,,,-00.000100400000,   9.20000,
,,,-00.000100200000,   8.80000,
,,,-00.000100000000,   9.20000,
,,,-00.000099800000,   9.60000,
,,,-00.000099600000,   9.20000,
,,,-00.000099400000,   9.60000,
,,,-00.000099200000,   8.80000,
,,,-00.000099000000,   9.60000,
,,,-00.000098800000,   9.60000,
,,,-00.000098600000,   9.20000,
,,,-00.000098400000,   9.20000,
,,,-00.000098200000,   9.20000,
,,,-00.000098000000,  10.00000,
,,,-00.000097800000,   9.20000,
,,,-00.000097600000,   9.60000,
,,,-00.000097400000,   9.60000,
,,,-00.000097200000,   9.20000,
,,,-00.000097000000,   8.80000,
,,,-00.000096800000,   9.60000,
,,,-00.000096600000,   9.60000,
,,,-00.000096400000,   9.60000,
,,,-00.000096200000,   9.60000,
,,,-00.000096000000,   9.60000,
,,,-00.000095800000,   9.20000,
,,,-00.000095600000,  10.00000,
,,,-00.000095400000,   9.20000,
,,,-00.000095200000,   9.20000,
,,,-00.000095000000,   9.20000,
,,,-00.000094800000,   9.20000,
,,,-00.000094600000,   9.20000,
,,,-00.000094400000,   8.80000,
,,,-00.000094200000,   9.60000,
,,,-00.000094000000,   9.60000,
,,,-00.000093800000,   9.20000,
,,,-00.000093600000,   9.60000,
,,,-00.000093400000,   8.80000,
,,,-00.000093200000,   9.20000,
,,,-00.000093000000,   9.60000,
,,,-00.000092800000,   9.20000,
,,,-00.000092600000,   9.20000,
,,,-00.000092400000,  10.00000,
,,,-00.000092200000,   9.60000,
,,,-00.000092000000,   8.40000,
,,,-00.000091800000,   8.80000,
,,,-00.000091600000,   9.20000,
,,,-00.000091400000,   9.60000,
,,,-00.000091200000,   9.60000,
,,,-00.000091000000,   9.60000,
,,,-00.000090800000,  10.00000,
,,,-00.000090600000,   9.60000,
,,,-00.000090400000,   8.40000,
,,,-00.000090200000,   9.20000,
,,,-00.000090000000,   9.20000,
,,,-00.000089800000,  10.00000,
,,,-00.000089600000,   8.80000,
,,,-00.000089400000,   9.20000,
,,,-00.000089200000,   9.20000,
,,,-00.000089000000,   9.60000,
,,,-00.000088800000,   9.20000,
,,,-00.000088600000,   9.20000,
,,,-00.000088400000,   9.20000,
,,,-00.000088200000,   9.20000,
,,,-00.000088000000,   9.20000,
,,,-00.000087800000,   9.20000,
,,,-00.000087600000,   9.20000,
,,,-00.000087400000,   9.20000,
,,,-00.000087200000,   9.20000,
,,,-00.000087000000,   9.60000,
,,,-00.000086800000,   8.80000,
,,,-00.000086600000,   9.60000,
,,,-00.000086400000,   9.60000,
,,,-00.000086200000,   9.20000,
,,,-00.000086000000,   9.20000,
,,,-00.000085800000,  10.00000,
,,,-00.000085600000,   9.60000,
,,,-00.000085400000,   9.20000,
,,,-00.000085200000,   8.80000,
,,,-00.000085000000,   9.20000,
,,,-00.000084800000,   9.20000,
,,,-00.000084600000,   9.60000,
,,,-00.000084400000,   8.80000,
,,,-00.000084200000,   8.80000,
,,,-00.000084000000,  10.00000,
,,,-00.000083800000,   8.80000,
,,,-00.000083600000,   8.80000,
,,,-00.000083400000,   9.60000,
,,,-00.000083200000,   9.60000,
,,,-00.000083000000,   8.80000,
,,,-00.000082800000,   9.60000,
,,,-00.000082600000,   9.60000,
,,,-00.000082400000,   9.60000,
,,,-00.000082200000,   9.20000,
,,,-00.000082000000,   8.80000,
,,,-00.000081800000,   9.60000,
,,,-00.000081600000,   9.60000,
,,,-00.000081400000,   9.60000,
,,,-00.000081200000,   8.80000,
,,,-00.000081000000,   9.60000,
,,,-00.000080800000,   9.20000,
,,,-00.000080600000,   9.20000,
,,,-00.000080400000,   8.80000,
,,,-00.000080200000,   8.80000,
,,,-00.000080000000,   9.60000,
,,,-00.000079800000,   9.20000,
,,,-00.000079600000,   8.80000,
,,,-00.000079400000,   8.80000,
,,,-00.000079200000,   9.60000,
,,,-00.000079000000,   9.20000,
,,,-00.000078800000,   9.20000,
,,,-00.000078600000,   9.20000,
,,,-00.000078400000,   8.80000,
,,,-00.000078200000,   9.20000,
,,,-00.000078000000,   9.60000,
,,,-00.000077800000,   8.80000,
,,,-00.000077600000,   8.80000,
,,,-00.000077400000,   9.20000,
,,,-00.000077200000,   9.20000,
,,,-00.000077000000,   9.20000,
,,,-00.000076800000,   9.20000,
,,,-00.000076600000,   9.20000,
,,,-00.000076400000,   9.60000,
,,,-00.000076200000,   9.60000,
,,,-00.000076000000,   9.60000,
,,,-00.000075800000,   9.20000,
,,,-00.000075600000,   8.80000,
,,,-00.000075400000,   9.20000,
,,,-00.000075200000,   9.20000,
,,,-00.000075000000,   9.20000,
,,,-00.000074800000,   9.20000,
,,,-00.000074600000,   9.60000,
,,,-00.000074400000,   9.20000,
,,,-00.000074200000,   9.20000,
,,,-00.000074000000,   9.20000,
,,,-00.000073800000,   8.80000,
,,,-00.000073600000,   9.20000,
,,,-00.000073400000,   9.20000,
,,,-00.000073200000,   9.60000,
,,,-00.000073000000,   8.80000,
,,,-00.000072800000,   9.60000,
,,,-00.000072600000,   9.60000,
,,,-00.000072400000,   9.20000,
,,,-00.000072200000,   8.40000,
,,,-00.000072000000,   9.20000,
,,,-00.000071800000,   9.20000,
,,,-00.000071600000,   9.60000,
,,,-00.000071400000,   9.60000,
,,,-00.000071200000,   8.80000,
,,,-00.000071000000,   9.20000,
,,,-00.000070800000,   9.60000,
,,,-00.000070600000,   8.80000,
,,,-00.000070400000,   8.80000,
,,,-00.000070200000,   9.20000,
,,,-00.000070000000,   9.20000,
,,,-00.000069800000,   8.80000,
,,,-00.000069600000,   9.20000,
,,,-00.000069400000,  10.00000,
,,,-00.000069200000,   9.20000,
,,,-00.000069000000,   8.80000,
,,,-00.000068800000,   8.80000,
,,,-00.000068600000,   9.60000,
,,,-00.000068400000,   9.60000,
,,,-00.000068200000,   9.60000,
,,,-00.000068000000,   9.20000,
,,,-00.000067800000,   9.60000,
,,,-00.000067600000,   9.20000,
,,,-00.000067400000,   9.20000,
,,,-00.000067200000,   8.80000,
,,,-00.000067000000,   8.80000,
,,,-00.000066800000,   8.80000,
,,,-00.000066600000,   8.80000,
,,,-00.000066400000,   9.20000,
,,,-00.000066200000,   9.20000,
,,,-00.000066000000,   9.60000,
,,,-00.000065800000,   9.60000,
,,,-00.000065600000,   8.80000,
,,,-00.000065400000,   9.20000,
,,,-00.000065200000,   9.20000,
,,,-00.000065000000,   9.20000,
,,,-00.000064800000,   8.80000,
,,,-00.000064600000,   8.40000,
,,,-00.000064400000,   9.20000,
,,,-00.000064200000,   9.20000,
,,,-00.000064000000,   8.80000,
,,,-00.000063800000,   8.80000,
,,,-00.000063600000,   9.20000,
,,,-00.000063400000,   8.80000,
,,,-00.000063200000,   8.80000,
,,,-00.000063000000,   9.60000,
,,,-00.000062800000,   9.20000,
,,,-00.000062600000,   9.60000,
,,,-00.000062400000,   9.20000,
,,,-00.000062200000,   8.80000,
,,,-00.000062000000,   8.00000,
,,,-00.000061800000,   6.00000,
,,,-00.000061600000,   0.00000,
,,,-00.000061400000,  -6.40000,
,,,-00.000061200000, -11.20000,
,,,-00.000061000000, -12.00000,
,,,-00.000060800000, -11.60000,
,,,-00.000060600000, -12.00000,
,,,-00.000060400000, -10.80000,
,,,-00.000060200000, -10.80000,
,,,-00.000060000000, -11.20000,
,,,-00.000059800000, -12.00000,
,,,-00.000059600000, -11.20000,
,,,-00.000059400000, -10.80000,
,,,-00.000059200000, -10.80000,
,,,-00.000059000000, -11.20000,
,,,-00.000058800000, -11.20000,
,,,-00.000058600000, -11.20000,
,,,-00.000058400000, -11.20000,
,,,-00.000058200000, -10.80000,
,,,-00.000058000000, -11.20000,
,,,-00.000057800000, -11.20000,
,,,-00.000057600000, -10.80000,
,,,-00.000057400000, -11.20000,
,,,-00.000057200000, -10.80000,
,,,-00.000057000000, -10.80000,
,,,-00.000056800000, -10.80000,
,,,-00.000056600000, -11.20000,
,,,-00.000056400000, -11.20000,
,,,-00.000056200000, -11.20000,
,,,-00.000056000000, -11.20000,
,,,-00.000055800000, -11.20000,
,,,-00.000055600000, -11.20000,
,,,-00.000055400000, -10.80000,
,,,-00.000055200000, -10.80000,
,,,-00.000055000000, -10.80000,
,,,-00.000054800000, -10.80000,
,,,-00.000054600000, -11.20000,
,,,-00.000054400000, -11.20000,
,,,-00.000054200000, -11.20000,
,,,-00.000054000000, -11.60000,
,,,-00.000053800000, -11.20000,
,,,-00.000053600000, -11.20000,
,,,-00.000053400000, -11.20000,
,,,-00.000053200000, -11.20000,
,,,-00.000053000000, -10.80000,
,,,-00.000052800000, -10.80000,
,,,-00.000052600000, -11.20000,
,,,-00.000052400000, -11.60000,
,,,-00.000052200000, -11.20000,
,,,-00.000052000000, -11.20000,
,,,-00.000051800000, -11.20000,
,,,-00.000051600000, -11.60000,
,,,-00.000051400000, -11.20000,
,,,-00.000051200000, -11.20000,
,,,-00.000051000000, -11.20000,
,,,-00.000050800000, -11.60000,
,,,-00.000050600000, -11.60000,
,,,-00.000050400000, -10.80000,
,,,-00.000050200000, -10.80000,
,,,-00.000050000000, -11.20000,
,,,-00.000049800000, -11.20000,
,,,-00.000049600000, -10.80000,
,,,-00.000049400000, -10.40000,
,,,-00.000049200000, -10.80000,
,,,-00.000049000000, -11.20000,
,,,-00.000048800000, -10.80000,
,,,-00.000048600000, -10.80000,
,,,-00.000048400000, -10.80000,
,,,-00.000048200000, -11.20000,
,,,-00.000048000000, -11.20000,
,,,-00.000047800000, -11.20000,
,,,-00.000047600000, -11.20000,
,,,-00.000047400000, -11.60000,
,,,-00.000047200000, -11.60000,
,,,-00.000047000000, -10.80000,
,,,-00.000046800000, -11.20000,
,,,-00.000046600000, -10.80000,
,,,-00.000046400000, -11.20000,
,,,-00.000046200000, -10.80000,
,,,-00.000046000000, -11.20000,
,,,-00.000045800000, -11.20000,
,,,-00.000045600000, -11.20000,
,,,-00.000045400000, -11.60000,
,,,-00.000045200000, -10.80000,
,,,-00.000045000000, -11.20000,
,,,-00.000044800000, -11.20000,
,,,-00.000044600000, -10.80000,
,,,-00.000044400000, -10.80000,
,,,-00.000044200000, -11.60000,
,,,-00.000044000000, -11.20000,
,,,-00.000043800000, -11.20000,
,,,-00.000043600000, -10.80000,
,,,-00.000043400000, -11.60000,
,,,-00.000043200000, -11.20000,
,,,-00.000043000000, -10.80000,
,,,-00.000042800000, -10.80000,
,,,-00.000042600000, -11.20000,
,,,-00.000042400000, -11.60000,
,,,-00.000042200000, -11.20000,
,,,-00.000042000000, -11.20000,
,,,-00.000041800000, -11.20000,
,,,-00.000041600000, -10.80000,
,,,-00.000041400000, -11.20000,
,,,-00.000041200000, -11.20000,
,,,-00.000041000000, -10.80000,
,,,-00.000040800000, -11.60000,
,,,-00.000040600000, -10.80000,
,,,-00.000040400000, -11.20000,
,,,-00.000040200000, -11.20000,
,,,-00.000040000000, -10.80000,
,,,-00.000039800000, -11.20000,
,,,-00.000039600000, -10.80000,
,,,-00.000039400000, -10.80000,
,,,-00.000039200000, -11.20000,
,,,-00.000039000000, -10.80000,
,,,-00.000038800000, -11.20000,
,,,-00.000038600000, -11.20000,
,,,-00.000038400000, -11.20000,
,,,-00.000038200000, -11.20000,
,,,-00.000038000000, -10.80000,
,,,-00.000037800000, -11.20000,
,,,-00.000037600000, -11.20000,
,,,-00.000037400000, -11.20000,
,,,-00.000037200000, -10.80000,
,,,-00.000037000000, -10.80000,
,,,-00.000036800000, -10.80000,
,,,-00.000036600000, -10.80000,
,,,-00.000036400000, -11.20000,
,,,-00.000036200000, -11.20000,
,,,-00.000036000000, -11.20000,
,,,-00.000035800000, -11.60000,
,,,-00.000035600000, -10.80000,
,,,-00.000035400000, -11.20000,
,,,-00.000035200000, -10.80000,
,,,-00.000035000000, -10.80000,
,,,-00.000034800000, -11.20000,
,,,-00.000034600000, -11.60000,
,,,-00.000034400000, -11.20000,
,,,-00.000034200000, -11.20000,
,,,-00.000034000000, -11.20000,
,,,-00.000033800000, -11.20000,
,,,-00.000033600000, -11.20000,
,,,-00.000033400000, -10.80000,
,,,-00.000033200000, -10.80000,
,,,-00.000033000000, -11.20000,
,,,-00.000032800000, -11.20000,
,,,-00.000032600000, -11.20000,
,,,-00.000032400000, -10.80000,
,,,-00.000032200000, -10.80000,
,,,-00.000032000000, -11.20000,
,,,-00.000031800000, -11.20000,
,,,-00.000031600000, -10.80000,
,,,-00.000031400000, -10.80000,
,,,-00.000031200000, -10.40000,
,,,-00.000031000000, -11.60000,
,,,-00.000030800000, -11.60000,
,,,-00.000030600000, -10.80000,
,,,-00.000030400000, -11.20000,
,,,-00.000030200000, -11.20000,
,,,-00.000030000000, -11.20000,
,,,-00.000029800000, -11.20000,
,,,-00.000029600000, -10.80000,
,,,-00.000029400000, -11.20000,
,,,-00.000029200000, -11.20000,
,,,-00.000029000000, -10.80000,
,,,-00.000028800000, -11.20000,
,,,-00.000028600000, -11.20000,
,,,-00.000028400000, -11.20000,
,,,-00.000028200000, -11.20000,
,,,-00.000028000000, -11.20000,
,,,-00.000027800000, -11.20000,
,,,-00.000027600000, -11.20000,
,,,-00.000027400000, -11.20000,
,,,-00.000027200000, -11.20000,
,,,-00.000027000000, -11.20000,
,,,-00.000026800000, -10.80000,
,,,-00.000026600000, -10.40000,
,,,-00.000026400000, -11.20000,
,,,-00.000026200000, -10.80000,
,,,-00.000026000000, -11.20000,
,,,-00.000025800000, -10.80000,
,,,-00.000025600000, -11.20000,
,,,-00.000025400000, -10.80000,
,,,-00.000025200000, -10.80000,
,,,-00.000025000000, -11.20000,
,,,-00.000024800000, -10.80000,
,,,-00.000024600000, -10.80000,
,,,-00.000024400000, -11.60000,
,,,-00.000024200000, -11.20000,
,,,-00.000024000000, -10.80000,
,,,-00.000023800000, -11.20000,
,,,-00.000023600000, -11.60000,
,,,-00.000023400000, -11.20000,
,,,-00.000023200000, -11.20000,
,,,-00.000023000000, -10.80000,
,,,-00.000022800000, -11.60000,
,,,-00.000022600000, -11.20000,
,,,-00.000022400000, -11.20000,
,,,-00.000022200000, -10.80000,
,,,-00.000022000000, -11.20000,
,,,-00.000021800000, -11.20000,
,,,-00.000021600000, -10.80000,
,,,-00.000021400000, -11.20000,
,,,-00.000021200000, -10.80000,
,,,-00.000021000000, -11.60000,
,,,-00.000020800000, -11.60000,
,,,-00.000020600000, -11.20000,
,,,-00.000020400000, -11.20000,
,,,-00.000020200000, -11.20000,
,,,-00.000020000000, -11.20000,
,,,-00.000019800000, -10.80000,
,,,-00.000019600000, -10.80000,
,,,-00.000019400000, -10.80000,
,,,-00.000019200000, -11.60000,
,,,-00.000019000000, -11.20000,
,,,-00.000018800000, -11.20000,
,,,-00.000018600000, -11.20000,
,,,-00.000018400000, -11.20000,
,,,-00.000018200000, -10.80000,
,,,-00.000018000000, -11.20000,
,,,-00.000017800000, -11.60000,
,,,-00.000017600000, -10.80000,
,,,-00.000017400000, -10.80000,
,,,-00.000017200000, -11.20000,
,,,-00.000017000000, -10.80000,
,,,-00.000016800000, -11.20000,
,,,-00.000016600000, -10.80000,
,,,-00.000016400000, -10.80000,
,,,-00.000016200000, -11.20000,
,,,-00.000016000000, -11.20000,
,,,-00.000015800000, -10.40000,
,,,-00.000015600000, -10.80000,
,,,-00.000015400000, -11.20000,
,,,-00.000015200000, -11.20000,
,,,-00.000015000000, -11.20000,
,,,-00.000014800000, -11.20000,
,,,-00.000014600000, -10.80000,
,,,-00.000014400000, -11.20000,
,,,-00.000014200000, -10.80000,
,,,-00.000014000000, -11.20000,
,,,-00.000013800000, -11.20000,
,,,-00.000013600000, -11.20000,
,,,-00.000013400000, -10.80000,
,,,-00.000013200000, -10.80000,
,,,-00.000013000000, -10.80000,
,,,-00.000012800000, -11.20000,
,,,-00.000012600000, -10.80000,
,,,-00.000012400000, -11.20000,
,,,-00.000012200000, -10.80000,
,,,-00.000012000000, -11.20000,
,,,-00.000011800000, -10.80000,
,,,-00.000011600000, -11.20000,
,,,-00.000011400000, -10.80000,
,,,-00.000011200000, -11.60000,
,,,-00.000011000000, -11.60000,
,,,-00.000010800000, -10.80000,
,,,-00.000010600000, -11.20000,
,,,-00.000010400000, -11.20000,
,,,-00.000010200000, -10.80000,
,,,-00.000010000000, -10.80000,
,,,-00.000009800000, -10.80000,
,,,-00.000009600000, -10.40000,
,,,-00.000009400000, -11.20000,
,,,-00.000009200000, -10.80000,
,,,-00.000009000000, -11.20000,
,,,-00.000008800000, -11.20000,
,,,-00.000008600000, -11.20000,
,,,-00.000008400000, -10.80000,
,,,-00.000008200000, -10.80000,
,,,-00.000008000000, -11.20000,
,,,-00.000007800000, -11.20000,
,,,-00.000007600000, -10.80000,
,,,-00.000007400000, -11.20000,
,,,-00.000007200000, -11.20000,
,,,-00.000007000000, -11.20000,
,,,-00.000006800000, -11.20000,
,,,-00.000006600000, -10.80000,
,,,-00.000006400000, -10.80000,
,,,-00.000006200000, -11.60000,
,,,-00.000006000000, -11.20000,
,,,-00.000005800000, -10.80000,
,,,-00.000005600000, -10.40000,
,,,-00.000005400000, -10.80000,
,,,-00.000005200000, -11.20000,
,,,-00.000005000000, -10.80000,
,,,-00.000004800000, -10.40000,
,,,-00.000004600000, -11.20000,
,,,-00.000004400000, -11.20000,
,,,-00.000004200000, -10.80000,
,,,-00.000004000000, -11.20000,
,,,-00.000003800000, -11.20000,
,,,-00.000003600000, -11.20000,
,,,-00.000003400000, -11.20000,
,,,-00.000003200000, -10.80000,
,,,-00.000003000000, -10.80000,
,,,-00.000002800000, -11.60000,
,,,-00.000002600000, -10.80000,
,,,-00.000002400000, -11.20000,
,,,-00.000002200000, -10.80000,
,,,-00.000002000000, -10.80000,
,,,-00.000001800000, -11.20000,
,,,-00.000001600000, -10.80000,
,,,-00.000001400000, -10.80000,
,,,-00.000001200000, -10.80000,
,,,-00.000001000000, -10.80000,
,,,-00.000000800000, -10.80000,
,,,-00.000000600000, -10.80000,
,,,-00.000000400000, -11.20000,
,,,-00.000000200000, -10.80000,
,,,-00.000000000000, -10.80000,
,,,00.000000200000, -10.80000,
,,,00.000000400000, -11.20000,
,,,00.000000600000,  -7.60000,
,,,00.000000800000,  -4.80000,
,,,00.000001000000,  -2.00000,
,,,00.000001200000,   0.80000,
,,,00.000001400000,   3.60000,
,,,00.000001600000,   6.00000,
,,,00.000001800000,   8.80000,
,,,00.000002000000,   9.20000,
,,,00.000002200000,   9.60000,
,,,00.000002400000,  10.00000,
,,,00.000002600000,   9.20000,
,,,00.000002800000,   9.20000,
,,,00.000003000000,   9.60000,
,,,00.000003200000,   9.20000,
,,,00.000003400000,   9.60000,
,,,00.000003600000,   9.20000,
,,,00.000003800000,   9.20000,
,,,00.000004000000,   9.20000,
,,,00.000004200000,   9.60000,
,,,00.000004400000,   9.20000,
,,,00.000004600000,   8.80000,
,,,00.000004800000,   9.60000,
,,,00.000005000000,   9.60000,
,,,00.000005200000,   9.20000,
,,,00.000005400000,   9.20000,
,,,00.000005600000,   9.20000,
,,,00.000005800000,   9.60000,
,,,00.000006000000,   9.20000,
,,,00.000006200000,   9.20000,
,,,00.000006400000,  10.00000,
,,,00.000006600000,  10.00000,
,,,00.000006800000,  10.00000,
,,,00.000007000000,   8.80000,
,,,00.000007200000,   8.80000,
,,,00.000007400000,   9.20000,
,,,00.000007600000,   9.60000,
,,,00.000007800000,   9.60000,
,,,00.000008000000,   9.20000,
,,,00.000008200000,   9.60000,
,,,00.000008400000,  10.00000,
,,,00.000008600000,   8.80000,
,,,00.000008800000,   9.20000,
,,,00.000009000000,   9.20000,
,,,00.000009200000,  10.00000,
,,,00.000009400000,   9.20000,
,,,00.000009600000,   9.60000,
,,,00.000009800000,   9.60000,
,,,00.000010000000,   9.60000,
,,,00.000010200000,   9.20000,
,,,00.000010400000,   9.20000,
,,,00.000010600000,   9.60000,
,,,00.000010800000,  10.00000,
,,,00.000011000000,   9.20000,
,,,00.000011200000,   9.20000,
,,,00.000011400000,  10.00000,
,,,00.000011600000,   9.20000,
,,,00.000011800000,   9.20000,
,,,00.000012000000,   9.60000,
,,,00.000012200000,   9.20000,
,,,00.000012400000,   9.60000,
,,,00.000012600000,   9.60000,
,,,00.000012800000,   9.20000,
,,,00.000013000000,   9.60000,
,,,00.000013200000,   9.60000,
,,,00.000013400000,   9.60000,
,,,00.000013600000,   9.60000,
,,,00.000013800000,   9.20000,
,,,00.000014000000,   9.60000,
,,,00.000014200000,   9.60000,
,,,00.000014400000,   9.60000,
,,,00.000014600000,   9.20000,
,,,00.000014800000,  10.00000,
,,,00.000015000000,  10.00000,
,,,00.000015200000,   9.20000,
,,,00.000015400000,   8.80000,
,,,00.000015600000,   9.60000,
,,,00.000015800000,   9.60000,
,,,00.000016000000,   9.20000,
,,,00.000016200000,   9.60000,
,,,00.000016400000,   9.60000,
,,,00.000016600000,  10.00000,
,,,00.000016800000,   9.20000,
,,,00.000017000000,   8.80000,
,,,00.000017200000,   9.20000,
,,,00.000017400000,   9.20000,
,,,00.000017600000,   9.60000,
,,,00.000017800000,   9.60000,
,,,00.000018000000,   9.60000,
,,,00.000018200000,   9.20000,
,,,00.000018400000,   9.60000,
,,,00.000018600000,   8.80000,
,,,00.000018800000,   9.20000,
,,,00.000019000000,   9.20000,
,,,00.000019200000,   9.60000,
,,,00.000019400000,   9.60000,
,,,00.000019600000,   9.20000,
,,,00.000019800000,  10.00000,
,,,00.000020000000,   9.60000,
,,,00.000020200000,   9.20000,
,,,00.000020400000,   8.80000,
,,,00.000020600000,   9.20000,
,,,00.000020800000,   9.20000,
,,,00.000021000000,   9.60000,
,,,00.000021200000,   9.60000,
,,,00.000021400000,   9.20000,
,,,00.000021600000,   9.60000,
,,,00.000021800000,   9.20000,
,,,00.000022000000,   9.20000,
,,,00.000022200000,   9.60000,
,,,00.000022400000,   8.80000,
,,,00.000022600000,   9.20000,
,,,00.000022800000,   9.60000,
,,,00.000023000000,   9.60000,
,,,00.000023200000,  10.00000,
,,,00.000023400000,   9.20000,
,,,00.000023600000,   9.20000,
,,,00.000023800000,   9.60000,
,,,00.000024000000,   9.60000,
,,,00.000024200000,   9.20000,
,,,00.000024400000,   9.20000,
,,,00.000024600000,   9.20000,
,,,00.000024800000,   9.60000,
,,,00.000025000000,   9.60000,
,,,00.000025200000,   9.60000,
,,,00.000025400000,   9.20000,
,,,00.000025600000,   9.60000,
,,,00.000025800000,   9.20000,
,,,00.000026000000,   9.20000,
,,,00.000026200000,   9.20000,
,,,00.000026400000,   9.60000,
,,,00.000026600000,   9.60000,
,,,00.000026800000,   9.20000,
,,,00.000027000000,   8.80000,
,,,00.000027200000,   9.20000,
,,,00.000027400000,   9.20000,
,,,00.000027600000,   9.60000,
,,,00.000027800000,   9.60000,
,,,00.000028000000,   9.60000,
,,,00.000028200000,   9.60000,
,,,00.000028400000,   8.80000,
,,,00.000028600000,   9.20000,
,,,00.000028800000,   9.60000,
,,,00.000029000000,   9.60000,
,,,00.000029200000,   9.60000,
,,,00.000029400000,   9.60000,
,,,00.000029600000,   9.60000,
,,,00.000029800000,   9.60000,
,,,00.000030000000,   9.20000,
,,,00.000030200000,   9.20000,
,,,00.000030400000,   9.60000,
,,,00.000030600000,  10.00000,
,,,00.000030800000,   9.20000,
,,,00.000031000000,   9.20000,
,,,00.000031200000,  10.00000,
,,,00.000031400000,   9.60000,
,,,00.000031600000,   9.60000,
,,,00.000031800000,   9.60000,
,,,00.000032000000,   9.20000,
,,,00.000032200000,   9.20000,
,,,00.000032400000,   9.20000,
,,,00.000032600000,   9.60000,
,,,00.000032800000,   9.20000,
,,,00.000033000000,  10.00000,
,,,00.000033200000,   9.60000,
,,,00.000033400000,   9.20000,
,,,00.000033600000,   9.20000,
,,,00.000033800000,   9.20000,
,,,00.000034000000,   9.20000,
,,,00.000034200000,   9.60000,
,,,00.000034400000,   9.20000,
,,,00.000034600000,   9.60000,
,,,00.000034800000,  10.00000,
,,,00.000035000000,   9.60000,
,,,00.000035200000,   9.20000,
,,,00.000035400000,   9.60000,
,,,00.000035600000,   9.60000,
,,,00.000035800000,   8.80000,
,,,00.000036000000,   9.20000,
,,,00.000036200000,   9.60000,
,,,00.000036400000,  10.00000,
,,,00.000036600000,   9.20000,
,,,00.000036800000,   8.80000,
,,,00.000037000000,   9.20000,
,,,00.000037200000,   9.20000,
,,,00.000037400000,   9.20000,
,,,00.000037600000,   9.60000,
,,,00.000037800000,   9.60000,
,,,00.000038000000,   9.20000,
,,,00.000038200000,   9.20000,
,,,00.000038400000,   8.80000,
,,,00.000038600000,   9.20000,
,,,00.000038800000,   9.60000,
,,,00.000039000000,   9.20000,
,,,00.000039200000,   9.60000,
,,,00.000039400000,   9.60000,
,,,00.000039600000,  10.00000,
,,,00.000039800000,   9.60000,
,,,00.000040000000,   9.20000,
,,,00.000040200000,   9.60000,
,,,00.000040400000,   9.20000,
,,,00.000040600000,   9.20000,
,,,00.000040800000,  10.00000,
,,,00.000041000000,   9.60000,
,,,00.000041200000,   9.60000,
,,,00.000041400000,   9.60000,
,,,00.000041600000,   9.20000,
,,,00.000041800000,   9.20000,
,,,00.000042000000,   9.60000,
,,,00.000042200000,   9.20000,
,,,00.000042400000,   9.20000,
,,,00.000042600000,   9.60000,
,,,00.000042800000,   9.60000,
,,,00.000043000000,  10.00000,
,,,00.000043200000,   9.60000,
,,,00.000043400000,   9.60000,
,,,00.000043600000,   9.20000,
,,,00.000043800000,   9.20000,
,,,00.000044000000,   9.20000,
,,,00.000044200000,   9.20000,
,,,00.000044400000,   9.20000,
,,,00.000044600000,   9.60000,
,,,00.000044800000,   9.20000,
,,,00.000045000000,   9.60000,
,,,00.000045200000,   8.80000,
,,,00.000045400000,   9.20000,
,,,00.000045600000,   9.60000,
,,,00.000045800000,   9.20000,
,,,00.000046000000,   9.60000,
,,,00.000046200000,   9.60000,
,,,00.000046400000,   9.60000,
,,,00.000046600000,   8.40000,
,,,00.000046800000,   9.60000,
,,,00.000047000000,   9.20000,
,,,00.000047200000,   9.60000,
,,,00.000047400000,   9.60000,
,,,00.000047600000,   8.80000,
,,,00.000047800000,   9.20000,
,,,00.000048000000,   9.60000,
,,,00.000048200000,   8.80000,
,,,00.000048400000,   9.20000,
,,,00.000048600000,  10.00000,
,,,00.000048800000,   9.20000,
,,,00.000049000000,   9.20000,
,,,00.000049200000,   9.60000,
,,,00.000049400000,   8.80000,
,,,00.000049600000,  10.00000,
,,,00.000049800000,   9.20000,
,,,00.000050000000,   8.80000,
,,,00.000050200000,   9.60000,
,,,00.000050400000,   9.60000,
,,,00.000050600000,   9.60000,
,,,00.000050800000,   9.60000,
,,,00.000051000000,   9.60000,
,,,00.000051200000,   9.20000,
,,,00.000051400000,   9.20000,
,,,00.000051600000,   8.80000,
,,,00.000051800000,   9.20000,
,,,00.000052000000,   9.20000,
,,,00.000052200000,   9.20000,
,,,00.000052400000,   9.20000,
,,,00.000052600000,   9.20000,
,,,00.000052800000,   9.60000,
,,,00.000053000000,   9.60000,
,,,00.000053200000,   9.20000,
,,,00.000053400000,   8.80000,
,,,00.000053600000,   9.20000,
,,,00.000053800000,   9.20000,
,,,00.000054000000,   9.20000,
,,,00.000054200000,   9.20000,
,,,00.000054400000,   9.20000,
,,,00.000054600000,   9.60000,
,,,00.000054800000,   9.20000,
,,,00.000055000000,   9.20000,
,,,00.000055200000,   9.60000,
,,,00.000055400000,   9.60000,
,,,00.000055600000,   9.20000,
,,,00.000055800000,   9.60000,
,,,00.000056000000,   9.20000,
,,,00.000056200000,   9.60000,
,,,00.000056400000,   8.80000,
,,,00.000056600000,   8.80000,
,,,00.000056800000,   9.60000,
,,,00.000057000000,   9.20000,
,,,00.000057200000,   9.20000,
,,,00.000057400000,   9.60000,
,,,00.000057600000,   9.20000,
,,,00.000057800000,   9.60000,
,,,00.000058000000,   9.20000,
,,,00.000058200000,   8.40000,
,,,00.000058400000,   8.80000,
,,,00.000058600000,   9.20000,
,,,00.000058800000,   9.20000,
,,,00.000059000000,   8.80000,
,,,00.000059200000,   9.20000,
,,,00.000059400000,   9.60000,
,,,00.000059600000,   9.60000,
,,,00.000059800000,   8.80000,
,,,00.000060000000,   9.20000,
,,,00.000060200000,   9.20000,
,,,00.000060400000,   9.20000,
,,,00.000060600000,   9.60000,
,,,00.000060800000,   9.20000,
,,,00.000061000000,   9.60000,
,,,00.000061200000,   9.20000,
,,,00.000061400000,   9.20000,
,,,00.000061600000,   9.20000,
,,,00.000061800000,   9.20000,
,,,00.000062000000,   9.20000,
,,,00.000062200000,   9.20000,
,,,00.000062400000,   9.60000,
,,,00.000062600000,   9.20000,
,,,00.000062800000,  10.00000,
,,,00.000063000000,   9.60000,
,,,00.000063200000,   9.20000,
,,,00.000063400000,   9.60000,
,,,00.000063600000,   8.80000,
,,,00.000063800000,   9.20000,
,,,00.000064000000,   9.20000,
,,,00.000064200000,   9.20000,
,,,00.000064400000,   9.60000,
,,,00.000064600000,   9.20000,
,,,00.000064800000,   9.20000,
,,,00.000065000000,   9.20000,
,,,00.000065200000,   9.20000,
,,,00.000065400000,   9.20000,
,,,00.000065600000,   9.20000,
,,,00.000065800000,   9.20000,
,,,00.000066000000,  10.00000,
,,,00.000066200000,   9.60000,
,,,00.000066400000,   8.40000,
,,,00.000066600000,   8.80000,
,,,00.000066800000,   9.60000,
,,,00.000067000000,   9.20000,
,,,00.000067200000,   9.60000,
,,,00.000067400000,   9.20000,
,,,00.000067600000,   9.60000,
,,,00.000067800000,   9.20000,
,,,00.000068000000,   9.20000,
,,,00.000068200000,   9.20000,
,,,00.000068400000,   9.60000,
,,,00.000068600000,   9.20000,
,,,00.000068800000,   9.20000,
,,,00.000069000000,   9.20000,
,,,00.000069200000,   9.20000,
,,,00.000069400000,   9.20000,
,,,00.000069600000,   9.20000,
,,,00.000069800000,   8.80000,
,,,00.000070000000,   9.20000,
,,,00.000070200000,   9.60000,
,,,00.000070400000,   9.20000,
,,,00.000070600000,   9.20000,
,,,00.000070800000,   8.80000,
,,,00.000071000000,   9.20000,
,,,00.000071200000,   8.80000,
,,,00.000071400000,   9.20000,
,,,00.000071600000,   8.80000,
,,,00.000071800000,   9.60000,
,,,00.000072000000,   9.20000,
,,,00.000072200000,   9.20000,
,,,00.000072400000,   9.60000,
,,,00.000072600000,   9.20000,
,,,00.000072800000,  10.00000,
,,,00.000073000000,   9.20000,
,,,00.000073200000,   9.20000,
,,,00.000073400000,   8.80000,
,,,00.000073600000,   9.60000,
,,,00.000073800000,   8.80000,
,,,00.000074000000,   9.20000,
,,,00.000074200000,   9.20000,
,,,00.000074400000,   9.60000,
,,,00.000074600000,   8.80000,
,,,00.000074800000,   9.20000,
,,,00.000075000000,  10.00000,
,,,00.000075200000,   9.60000,
,,,00.000075400000,   8.80000,
,,,00.000075600000,   9.60000,
,,,00.000075800000,   9.60000,
,,,00.000076000000,  10.00000,
,,,00.000076200000,   9.20000,
,,,00.000076400000,   8.80000,
,,,00.000076600000,   8.40000,
,,,00.000076800000,   7.20000,
,,,00.000077000000,   2.00000,
,,,00.000077200000,  -4.00000,
,,,00.000077400000, -10.00000,
,,,00.000077600000, -11.60000,
,,,00.000077800000, -11.60000,
,,,00.000078000000, -12.40000,
,,,00.000078200000, -11.20000,
,,,00.000078400000, -11.60000,
,,,00.000078600000, -11.20000,
,,,00.000078800000, -11.20000,
,,,00.000079000000, -11.20000,
,,,00.000079200000, -11.20000,
,,,00.000079400000, -10.80000,
,,,00.000079600000, -11.20000,
,,,00.000079800000, -11.20000,
,,,00.000080000000, -10.80000,
,,,00.000080200000, -11.20000,
,,,00.000080400000, -11.20000,
,,,00.000080600000, -11.20000,
,,,00.000080800000, -10.80000,
,,,00.000081000000, -11.20000,
,,,00.000081200000, -11.20000,
,,,00.000081400000, -10.80000,
,,,00.000081600000, -11.20000,
,,,00.000081800000, -10.80000,
,,,00.000082000000, -11.20000,
,,,00.000082200000, -11.20000,
,,,00.000082400000, -11.60000,
,,,00.000082600000, -10.80000,
,,,00.000082800000, -11.20000,
,,,00.000083000000, -11.60000,
,,,00.000083200000, -11.20000,
,,,00.000083400000, -10.80000,
,,,00.000083600000, -10.80000,
,,,00.000083800000, -11.20000,
,,,00.000084000000, -11.20000,
,,,00.000084200000, -10.80000,
,,,00.000084400000, -11.20000,
,,,00.000084600000, -11.20000,
,,,00.000084800000, -11.20000,
,,,00.000085000000, -10.80000,
,,,00.000085200000, -10.80000,
,,,00.000085400000, -11.20000,
,,,00.000085600000, -11.20000,
,,,00.000085800000, -11.20000,
,,,00.000086000000, -11.20000,
,,,00.000086200000, -11.20000,
,,,00.000086400000, -11.20000,
,,,00.000086600000, -11.20000,
,,,00.000086800000, -10.80000,
,,,00.000087000000, -11.20000,
,,,00.000087200000, -10.80000,
,,,00.000087400000, -11.20000,
,,,00.000087600000, -10.80000,
,,,00.000087800000, -11.20000,
,,,00.000088000000, -11.20000,
,,,00.000088200000, -10.80000,
,,,00.000088400000, -11.20000,
,,,00.000088600000, -11.20000,
,,,00.000088800000, -11.20000,
,,,00.000089000000, -10.80000,
,,,00.000089200000, -10.80000,
,,,00.000089400000, -10.80000,
,,,00.000089600000, -11.20000,
,,,00.000089800000, -11.20000,
,,,00.000090000000, -11.20000,
,,,00.000090200000, -11.20000,
,,,00.000090400000, -11.60000,
,,,00.000090600000, -10.80000,
,,,00.000090800000, -11.20000,
,,,00.000091000000, -11.20000,
,,,00.000091200000, -11.20000,
,,,00.000091400000, -11.20000,
,,,00.000091600000, -11.20000,
,,,00.000091800000, -11.20000,
,,,00.000092000000, -11.20000,
,,,00.000092200000, -11.20000,
,,,00.000092400000, -10.80000,
,,,00.000092600000, -11.20000,
,,,00.000092800000, -11.20000,
,,,00.000093000000, -11.20000,
,,,00.000093200000, -11.20000,
,,,00.000093400000, -11.20000,
,,,00.000093600000, -10.80000,
,,,00.000093800000, -11.20000,
,,,00.000094000000, -11.20000,
,,,00.000094200000, -10.80000,
,,,00.000094400000, -11.60000,
,,,00.000094600000, -11.20000,
,,,00.000094800000, -10.80000,
,,,00.000095000000, -10.80000,
,,,00.000095200000, -11.60000,
,,,00.000095400000, -11.20000,
,,,00.000095600000, -11.20000,
,,,00.000095800000, -10.80000,
,,,00.000096000000, -11.60000,
,,,00.000096200000, -11.20000,
,,,00.000096400000, -11.20000,
,,,00.000096600000, -11.20000,
,,,00.000096800000, -10.80000,
,,,00.000097000000, -11.20000,
,,,00.000097200000, -11.20000,
,,,00.000097400000, -11.20000,
,,,00.000097600000, -10.40000,
,,,00.000097800000, -11.60000,
,,,00.000098000000, -11.20000,
,,,00.000098200000, -11.20000,
,,,00.000098400000, -11.20000,
,,,00.000098600000, -11.20000,
,,,00.000098800000, -11.20000,
,,,00.000099000000, -10.80000,
,,,00.000099200000, -10.80000,
,,,00.000099400000, -11.20000,
,,,00.000099600000, -11.20000,
,,,00.000099800000, -11.20000,
,,,00.000100000000, -11.20000,
,,,00.000100200000, -10.80000,
,,,00.000100400000, -11.20000,
,,,00.000100600000, -11.20000,
,,,00.000100800000, -11.20000,
,,,00.000101000000, -10.80000,
,,,00.000101200000, -11.20000,
,,,00.000101400000, -11.60000,
,,,00.000101600000, -11.20000,
,,,00.000101800000, -11.20000,
,,,00.000102000000, -11.20000,
,,,00.000102200000, -11.20000,
,,,00.000102400000, -10.80000,
,,,00.000102600000, -11.60000,
,,,00.000102800000, -11.20000,
,,,00.000103000000, -11.20000,
,,,00.000103200000, -10.80000,
,,,00.000103400000, -11.20000,
,,,00.000103600000, -11.20000,
,,,00.000103800000, -11.20000,
,,,00.000104000000, -10.80000,
,,,00.000104200000, -11.20000,
,,,00.000104400000, -11.20000,
,,,00.000104600000, -11.60000,
,,,00.000104800000, -11.20000,
,,,00.000105000000, -11.20000,
,,,00.000105200000, -10.80000,
,,,00.000105400000, -11.20000,
,,,00.000105600000, -11.20000,
,,,00.000105800000, -11.20000,
,,,00.000106000000, -11.20000,
,,,00.000106200000, -10.80000,
,,,00.000106400000, -10.80000,
,,,00.000106600000, -11.20000,
,,,00.000106800000, -10.80000,
,,,00.000107000000, -10.80000,
,,,00.000107200000, -11.20000,
,,,00.000107400000, -10.80000,
,,,00.000107600000, -11.20000,
,,,00.000107800000, -11.20000,
,,,00.000108000000, -11.20000,
,,,00.000108200000, -11.20000,
,,,00.000108400000, -11.20000,
,,,00.000108600000, -11.60000,
,,,00.000108800000, -11.20000,
,,,00.000109000000, -10.80000,
,,,00.000109200000, -11.60000,
,,,00.000109400000, -11.20000,
,,,00.000109600000, -11.20000,
,,,00.000109800000, -10.80000,
,,,00.000110000000, -11.20000,
,,,00.000110200000, -11.20000,
,,,00.000110400000, -10.80000,
,,,00.000110600000, -11.20000,
,,,00.000110800000, -10.80000,
,,,00.000111000000, -11.20000,
,,,00.000111200000, -11.20000,
,,,00.000111400000, -10.80000,
,,,00.000111600000, -10.80000,
,,,00.000111800000, -10.80000,
,,,00.000112000000, -11.20000,
,,,00.000112200000, -11.20000,
,,,00.000112400000, -10.80000,
,,,00.000112600000, -11.20000,
,,,00.000112800000, -10.80000,
,,,00.000113000000, -11.60000,
,,,00.000113200000, -10.80000,
,,,00.000113400000, -10.80000,
,,,00.000113600000, -11.20000,
,,,00.000113800000, -10.80000,
,,,00.000114000000, -10.80000,
,,,00.000114200000, -11.20000,
,,,00.000114400000, -11.20000,
,,,00.000114600000, -11.20000,
,,,00.000114800000, -10.80000,
,,,00.000115000000, -11.20000,
,,,00.000115200000, -11.20000,
,,,00.000115400000, -10.80000,
,,,00.000115600000, -10.80000,
,,,00.000115800000, -11.20000,
,,,00.000116000000, -11.20000,
,,,00.000116200000, -11.20000,
,,,00.000116400000, -10.80000,
,,,00.000116600000, -10.80000,
,,,00.000116800000, -10.40000,
,,,00.000117000000, -11.20000,
,,,00.000117200000, -10.40000,
,,,00.000117400000, -10.80000,
,,,00.000117600000, -10.80000,
,,,00.000117800000, -11.20000,
,,,00.000118000000, -10.80000,
,,,00.000118200000, -10.80000,
,,,00.000118400000, -10.80000,
,,,00.000118600000, -11.20000,
,,,00.000118800000, -10.80000,
,,,00.000119000000, -10.80000,
,,,00.000119200000, -11.20000,
,,,00.000119400000, -11.20000,
,,,00.000119600000, -11.20000,
,,,00.000119800000, -10.80000,
,,,00.000120000000, -10.80000,
,,,00.000120200000, -10.80000,
,,,00.000120400000, -11.20000,
,,,00.000120600000, -10.80000,
,,,00.000120800000, -11.20000,
,,,00.000121000000, -11.20000,
,,,00.000121200000, -11.20000,
,,,00.000121400000, -11.20000,
,,,00.000121600000, -11.20000,
,,,00.000121800000, -10.80000,
,,,00.000122000000, -11.20000,
,,,00.000122200000, -10.80000,
,,,00.000122400000, -11.20000,
,,,00.000122600000, -11.20000,
,,,00.000122800000, -10.80000,
,,,00.000123000000, -10.40000,
,,,00.000123200000, -11.60000,
,,,00.000123400000, -11.20000,
,,,00.000123600000, -10.80000,
,,,00.000123800000, -11.20000,
,,,00.000124000000, -10.80000,
,,,00.000124200000, -10.80000,
,,,00.000124400000, -11.20000,
,,,00.000124600000, -11.20000,
,,,00.000124800000, -10.40000,
,,,00.000125000000, -10.80000,
,,,00.000125200000, -11.20000,
,,,00.000125400000, -10.80000,
,,,00.000125600000, -10.80000,
,,,00.000125800000, -11.20000,
,,,00.000126000000, -10.80000,
,,,00.000126200000, -10.80000,
,,,00.000126400000, -10.80000,
,,,00.000126600000, -11.20000,
,,,00.000126800000, -10.80000,
,,,00.000127000000, -11.20000,
,,,00.000127200000, -10.80000,
,,,00.000127400000, -11.60000,
,,,00.000127600000, -10.80000,
,,,00.000127800000, -10.80000,
,,,00.000128000000, -10.80000,
,,,00.000128200000, -11.20000,
,,,00.000128400000, -11.20000,
,,,00.000128600000, -11.20000,
,,,00.000128800000, -10.40000,
,,,00.000129000000, -11.20000,
,,,00.000129200000, -11.60000,
,,,00.000129400000, -10.40000,
,,,00.000129600000, -11.20000,
,,,00.000129800000, -10.80000,
,,,00.000130000000, -11.20000,
,,,00.000130200000, -10.80000,
,,,00.000130400000, -11.20000,
,,,00.000130600000, -11.20000,
,,,00.000130800000, -10.80000,
,,,00.000131000000, -11.20000,
,,,00.000131200000, -10.80000,
,,,00.000131400000, -11.20000,
,,,00.000131600000, -10.80000,
,,,00.000131800000, -10.80000,
,,,00.000132000000, -10.80000,
,,,00.000132200000, -10.40000,
,,,00.000132400000, -11.20000,
,,,00.000132600000, -11.20000,
,,,00.000132800000, -11.20000,
,,,00.000133000000, -10.80000,
,,,00.000133200000, -10.80000,
,,,00.000133400000, -11.20000,
,,,00.000133600000, -10.80000,
,,,00.000133800000, -10.40000,
,,,00.000134000000, -11.60000,
,,,00.000134200000, -11.20000,
,,,00.000134400000, -10.80000,
,,,00.000134600000, -10.80000,
,,,00.000134800000, -11.20000,
,,,00.000135000000, -11.20000,
,,,00.000135200000, -10.80000,
,,,00.000135400000, -10.40000,
,,,00.000135600000, -11.20000,
,,,00.000135800000, -10.80000,
,,,00.000136000000, -10.80000,
,,,00.000136200000, -10.80000,
,,,00.000136400000, -10.80000,
,,,00.000136600000, -11.20000,
,,,00.000136800000, -11.20000,
,,,00.000137000000, -11.20000,
,,,00.000137200000, -11.20000,
,,,00.000137400000, -11.20000,
,,,00.000137600000, -10.80000,
,,,00.000137800000, -10.80000,
,,,00.000138000000, -10.80000,
,,,00.000138200000, -10.80000,
,,,00.000138400000, -11.20000,
,,,00.000138600000, -10.80000,
,,,00.000138800000, -11.20000,
,,,00.000139000000, -11.20000,
,,,00.000139200000,  -9.20000,
,,,00.000139400000,  -6.80000,
,,,00.000139600000,  -4.00000,
,,,00.000139800000,  -1.20000,
,,,00.000140000000,   1.60000,
,,,00.000140200000,   4.40000,
,,,00.000140400000,   6.80000,
,,,00.000140600000,   9.20000,
,,,00.000140800000,   9.60000,
,,,00.000141000000,   9.60000,
,,,00.000141200000,  10.00000,
,,,00.000141400000,   9.20000,
,,,00.000141600000,   9.20000,
,,,00.000141800000,   9.20000,
,,,00.000142000000,  10.00000,
,,,00.000142200000,   9.20000,
,,,00.000142400000,   9.20000,
,,,00.000142600000,   9.60000,
,,,00.000142800000,   9.60000,
,,,00.000143000000,   9.60000,
,,,00.000143200000,   9.20000,
,,,00.000143400000,   9.20000,
,,,00.000143600000,   9.60000,
,,,00.000143800000,   9.20000,
,,,00.000144000000,   9.20000,
,,,00.000144200000,   9.20000,
,,,00.000144400000,   9.20000,
,,,00.000144600000,   9.60000,
,,,00.000144800000,   9.20000,
,,,00.000145000000,   9.60000,
,,,00.000145200000,   9.60000,
,,,00.000145400000,  10.00000,
,,,00.000145600000,   8.80000,
,,,00.000145800000,   9.20000,
,,,00.000146000000,   9.20000,
,,,00.000146200000,   9.20000,
,,,00.000146400000,  10.00000,
,,,00.000146600000,   9.20000,
,,,00.000146800000,   9.20000,
,,,00.000147000000,   9.60000,
,,,00.000147200000,   8.80000,
,,,00.000147400000,   9.20000,
,,,00.000147600000,   9.20000,
,,,00.000147800000,   9.60000,
,,,00.000148000000,   9.60000,
,,,00.000148200000,   9.20000,
,,,00.000148400000,   9.20000,
,,,00.000148600000,   9.60000,
,,,00.000148800000,   9.60000,
,,,00.000149000000,   8.80000,
,,,00.000149200000,   9.20000,
,,,00.000149400000,   9.60000,
,,,00.000149600000,   9.20000,
,,,00.000149800000,   9.20000,
,,,00.000150000000,   9.20000,
,,,00.000150200000,   9.60000,
,,,00.000150400000,   9.60000,
,,,00.000150600000,   9.20000,
,,,00.000150800000,   9.20000,
,,,00.000151000000,   9.20000,
,,,00.000151200000,   9.60000,
,,,00.000151400000,   9.60000,
,,,00.000151600000,   9.20000,
,,,00.000151800000,   9.60000,
,,,00.000152000000,   9.60000,
,,,00.000152200000,   8.80000,
,,,00.000152400000,   9.20000,
,,,00.000152600000,   9.20000,
,,,00.000152800000,   9.20000,
,,,00.000153000000,   9.20000,
,,,00.000153200000,   9.60000,
,,,00.000153400000,   9.60000,
,,,00.000153600000,   9.60000,
,,,00.000153800000,   9.20000,
,,,00.000154000000,   8.80000,
,,,00.000154200000,   9.20000,
,,,00.000154400000,  10.00000,
,,,00.000154600000,   9.20000,
,,,00.000154800000,   9.20000,
,,,00.000155000000,   9.60000,
,,,00.000155200000,  10.00000,
,,,00.000155400000,   9.20000,
,,,00.000155600000,   8.80000,
,,,00.000155800000,   9.20000,
,,,00.000156000000,   9.20000,
,,,00.000156200000,   9.20000,
,,,00.000156400000,   9.60000,
,,,00.000156600000,   9.60000,
,,,00.000156800000,   9.20000,
,,,00.000157000000,   9.20000,
,,,00.000157200000,   8.80000,
,,,00.000157400000,   9.20000,
,,,00.000157600000,   9.60000,
,,,00.000157800000,   9.60000,
,,,00.000158000000,   9.20000,
,,,00.000158200000,   9.20000,
,,,00.000158400000,   9.60000,
,,,00.000158600000,   9.20000,
,,,00.000158800000,   9.60000,
,,,00.000159000000,   8.80000,
,,,00.000159200000,   9.20000,
,,,00.000159400000,   9.20000,
,,,00.000159600000,   9.20000,
,,,00.000159800000,   9.60000,
,,,00.000160000000,   9.60000,
,,,00.000160200000,   9.20000,
,,,00.000160400000,   9.20000,
,,,00.000160600000,   9.20000,
,,,00.000160800000,   9.20000,
,,,00.000161000000,   9.20000,
,,,00.000161200000,   9.60000,
,,,00.000161400000,   9.60000,
,,,00.000161600000,   9.60000,
,,,00.000161800000,   9.60000,
,,,00.000162000000,   9.60000,
,,,00.000162200000,   9.20000,
,,,00.000162400000,   9.60000,
,,,00.000162600000,   9.20000,
,,,00.000162800000,   8.80000,
,,,00.000163000000,   9.20000,
,,,00.000163200000,   9.20000,
,,,00.000163400000,   9.60000,
,,,00.000163600000,   9.20000,
,,,00.000163800000,   9.20000,
,,,00.000164000000,   9.20000,
,,,00.000164200000,   9.60000,
,,,00.000164400000,   9.20000,
,,,00.000164600000,   9.60000,
,,,00.000164800000,   9.20000,
,,,00.000165000000,  10.00000,
,,,00.000165200000,  10.00000,
,,,00.000165400000,   8.80000,
,,,00.000165600000,   9.20000,
,,,00.000165800000,   9.60000,
,,,00.000166000000,   9.60000,
,,,00.000166200000,  10.00000,
,,,00.000166400000,   9.20000,
,,,00.000166600000,   9.20000,
,,,00.000166800000,   9.60000,
,,,00.000167000000,   9.20000,
,,,00.000167200000,   9.20000,
,,,00.000167400000,   9.20000,
,,,00.000167600000,   9.60000,
,,,00.000167800000,   9.20000,
,,,00.000168000000,   8.80000,
,,,00.000168200000,   9.20000,
,,,00.000168400000,   9.60000,
,,,00.000168600000,   9.20000,
,,,00.000168800000,   8.80000,
,,,00.000169000000,   9.60000,
,,,00.000169200000,   9.60000,
,,,00.000169400000,   8.80000,
,,,00.000169600000,   9.60000,
,,,00.000169800000,   9.20000,
,,,00.000170000000,   9.60000,
,,,00.000170200000,   9.20000,
,,,00.000170400000,   9.60000,
,,,00.000170600000,   9.20000,
,,,00.000170800000,   9.60000,
,,,00.000171000000,  10.00000,
,,,00.000171200000,   9.20000,
,,,00.000171400000,   9.20000,
,,,00.000171600000,   9.20000,
,,,00.000171800000,   9.60000,
,,,00.000172000000,   9.20000,
,,,00.000172200000,   9.20000,
,,,00.000172400000,   9.20000,
,,,00.000172600000,   8.80000,
,,,00.000172800000,   9.60000,
,,,00.000173000000,   9.20000,
,,,00.000173200000,   9.20000,
,,,00.000173400000,   9.60000,
,,,00.000173600000,   9.20000,
,,,00.000173800000,   9.20000,
,,,00.000174000000,   9.60000,
,,,00.000174200000,   9.20000,
,,,00.000174400000,   8.80000,
,,,00.000174600000,   9.20000,
,,,00.000174800000,   9.20000,
,,,00.000175000000,   9.60000,
,,,00.000175200000,   9.20000,
,,,00.000175400000,   8.80000,
,,,00.000175600000,   9.20000,
,,,00.000175800000,   9.20000,
,,,00.000176000000,   9.20000,
,,,00.000176200000,   9.20000,
,,,00.000176400000,   9.20000,
,,,00.000176600000,   9.20000,
,,,00.000176800000,   9.60000,
,,,00.000177000000,   9.20000,
,,,00.000177200000,   9.20000,
,,,00.000177400000,   9.20000,
,,,00.000177600000,   9.20000,
,,,00.000177800000,   9.60000,
,,,00.000178000000,   9.60000,
,,,00.000178200000,   9.60000,
,,,00.000178400000,   9.20000,
,,,00.000178600000,   9.20000,
,,,00.000178800000,   9.60000,
,,,00.000179000000,   9.20000,
,,,00.000179200000,   9.60000,
,,,00.000179400000,   9.20000,
,,,00.000179600000,   8.40000,
,,,00.000179800000,   9.60000,
,,,00.000180000000,   9.60000,
,,,00.000180200000,   8.80000,
,,,00.000180400000,   9.20000,
,,,00.000180600000,   9.20000,
,,,00.000180800000,   9.60000,
,,,00.000181000000,   9.20000,
,,,00.000181200000,   9.20000,
,,,00.000181400000,   9.20000,
,,,00.000181600000,  10.40000,
,,,00.000181800000,   9.20000,
,,,00.000182000000,   9.60000,
,,,00.000182200000,   9.20000,
,,,00.000182400000,   9.60000,
,,,00.000182600000,   9.20000,
,,,00.000182800000,   9.20000,
,,,00.000183000000,   9.20000,
,,,00.000183200000,   9.60000,
,,,00.000183400000,   9.20000,
,,,00.000183600000,   9.60000,
,,,00.000183800000,   9.20000,
,,,00.000184000000,   9.20000,
,,,00.000184200000,   9.20000,
,,,00.000184400000,   9.20000,
,,,00.000184600000,   9.20000,
,,,00.000184800000,  10.00000,
,,,00.000185000000,   9.20000,
,,,00.000185200000,   9.20000,
,,,00.000185400000,   8.80000,
,,,00.000185600000,   9.60000,
,,,00.000185800000,   9.60000,
,,,00.000186000000,   9.20000,
,,,00.000186200000,   9.20000,
,,,00.000186400000,   9.60000,
,,,00.000186600000,   9.60000,
,,,00.000186800000,   9.20000,
,,,00.000187000000,   8.80000,
,,,00.000187200000,   9.60000,
,,,00.000187400000,   9.20000,
,,,00.000187600000,   9.20000,
,,,00.000187800000,   9.60000,
,,,00.000188000000,   9.60000,
,,,00.000188200000,   9.20000,
,,,00.000188400000,   9.20000,
,,,00.000188600000,   8.80000,
,,,00.000188800000,   9.60000,
,,,00.000189000000,  10.00000,
,,,00.000189200000,   8.80000,
,,,00.000189400000,   9.20000,
,,,00.000189600000,   9.20000,
,,,00.000189800000,   9.60000,
,,,00.000190000000,   9.60000,
,,,00.000190200000,   9.20000,
,,,00.000190400000,   9.20000,
,,,00.000190600000,   9.60000,
,,,00.000190800000,   9.20000,
,,,00.000191000000,   9.20000,
,,,00.000191200000,  10.00000,
,,,00.000191400000,   9.60000,
,,,00.000191600000,  10.00000,
,,,00.000191800000,   9.60000,
,,,00.000192000000,   9.60000,
,,,00.000192200000,   9.20000,
,,,00.000192400000,   9.60000,
,,,00.000192600000,   9.60000,
,,,00.000192800000,   9.60000,
,,,00.000193000000,   9.20000,
,,,00.000193200000,   9.60000,
,,,00.000193400000,   9.20000,
,,,00.000193600000,   8.80000,
,,,00.000193800000,   9.20000,
,,,00.000194000000,   9.60000,
,,,00.000194200000,   9.20000,
,,,00.000194400000,   9.60000,
,,,00.000194600000,   9.20000,
,,,00.000194800000,  10.00000,
,,,00.000195000000,   9.20000,
,,,00.000195200000,   8.80000,
,,,00.000195400000,   9.60000,
,,,00.000195600000,   9.20000,
,,,00.000195800000,   9.60000,
,,,00.000196000000,   9.20000,
,,,00.000196200000,   9.60000,
,,,00.000196400000,   9.20000,
,,,00.000196600000,   9.20000,
,,,00.000196800000,   9.20000,
,,,00.000197000000,   9.20000,
,,,00.000197200000,   9.20000,
,,,00.000197400000,   9.60000,
,,,00.000197600000,   9.60000,
,,,00.000197800000,   9.60000,
,,,00.000198000000,   9.60000,
,,,00.000198200000,   9.60000,
,,,00.000198400000,   8.80000,
,,,00.000198600000,   9.20000,
,,,00.000198800000,   9.20000,
,,,00.000199000000,   9.60000,
,,,00.000199200000,   9.20000,
,,,00.000199400000,   9.20000,
,,,00.000199600000,   9.60000,
,,,00.000199800000,   8.80000,
,,,00.000200000000,   8.80000,
,,,00.000200200000,   9.20000,
,,,00.000200400000,   9.20000,
,,,00.000200600000,   9.20000,
,,,00.000200800000,   9.20000,
,,,00.000201000000,   9.20000,
,,,00.000201200000,   9.60000,
,,,00.000201400000,   9.20000,
,,,00.000201600000,   9.20000,
,,,00.000201800000,   8.80000,
,,,00.000202000000,   9.20000,
,,,00.000202200000,   9.20000,
,,,00.000202400000,   9.20000,
,,,00.000202600000,   9.20000,
,,,00.000202800000,   9.20000,
,,,00.000203000000,   9.20000,
,,,00.000203200000,   8.80000,
,,,00.000203400000,   8.80000,
,,,00.000203600000,   8.80000,
,,,00.000203800000,   9.20000,
,,,00.000204000000,   9.20000,
,,,00.000204200000,   8.80000,
,,,00.000204400000,   8.80000,
,,,00.000204600000,   9.60000,
,,,00.000204800000,   8.80000,
,,,00.000205000000,   8.80000,
,,,00.000205200000,   8.80000,
,,,00.000205400000,   8.80000,
,,,00.000205600000,   9.60000,
,,,00.000205800000,   9.60000,
,,,00.000206000000,   8.80000,
,,,00.000206200000,   9.20000,
,,,00.000206400000,   9.60000,
,,,00.000206600000,   8.80000,
,,,00.000206800000,   9.20000,
,,,00.000207000000,   9.60000,
,,,00.000207200000,   9.20000,
,,,00.000207400000,   8.80000,
,,,00.000207600000,   8.80000,
,,,00.000207800000,   9.20000,
,,,00.000208000000,   9.20000,
,,,00.000208200000,   9.20000,
,,,00.000208400000,   8.80000,
,,,00.000208600000,   9.20000,
,,,00.000208800000,   9.20000,
,,,00.000209000000,   9.20000,
,,,00.000209200000,   9.60000,
,,,00.000209400000,   9.60000,
,,,00.000209600000,   9.20000,
,,,00.000209800000,   9.20000,
,,,00.000210000000,   9.20000,
,,,00.000210200000,   9.20000,
,,,00.000210400000,   9.20000,
,,,00.000210600000,   9.20000,
,,,00.000210800000,   9.20000,
,,,00.000211000000,   9.20000,
,,,00.000211200000,  10.00000,
,,,00.000211400000,   9.60000,
,,,00.000211600000,   8.80000,
,,,00.000211800000,   9.20000,
,,,00.000212000000,   8.80000,
,,,00.000212200000,   9.20000,
,,,00.000212400000,   9.20000,
,,,00.000212600000,   9.60000,
,,,00.000212800000,   9.20000,
,,,00.000213000000,  10.00000,
,,,00.000213200000,   9.20000,
,,,00.000213400000,   9.20000,
,,,00.000213600000,   9.20000,
,,,00.000213800000,   9.60000,
,,,00.000214000000,   9.20000,
,,,00.000214200000,   9.20000,
,,,00.000214400000,   9.60000,
,,,00.000214600000,   9.60000,
,,,00.000214800000,   8.80000,
,,,00.000215000000,   9.20000,
,,,00.000215200000,   9.20000,
,,,00.000215400000,   8.80000,
,,,00.000215600000,   6.00000,
,,,00.000215800000,   0.80000,
,,,00.000216000000,  -5.60000,
,,,00.000216200000, -11.20000,
,,,00.000216400000, -11.60000,
,,,00.000216600000, -12.00000,
,,,00.000216800000, -12.40000,
,,,00.000217000000, -10.80000,
,,,00.000217200000, -11.20000,
,,,00.000217400000, -11.20000,
,,,00.000217600000, -11.20000,
,,,00.000217800000, -10.80000,
,,,00.000218000000, -11.20000,
,,,00.000218200000, -11.20000,
,,,00.000218400000, -11.20000,
,,,00.000218600000, -10.80000,
,,,00.000218800000, -11.20000,
,,,00.000219000000, -11.20000,
,,,00.000219200000, -11.20000,
,,,00.000219400000, -10.40000,
,,,00.000219600000, -11.20000,
,,,00.000219800000, -11.20000,
,,,00.000220000000, -11.20000,
,,,00.000220200000, -10.80000,
,,,00.000220400000, -11.20000,
,,,00.000220600000, -11.20000,
,,,00.000220800000, -10.80000,
,,,00.000221000000, -11.60000,
,,,00.000221200000, -10.80000,
,,,00.000221400000, -10.80000,
,,,00.000221600000, -11.20000,
,,,00.000221800000, -11.20000,
,,,00.000222000000, -11.20000,
,,,00.000222200000, -10.80000,
,,,00.000222400000, -11.20000,
,,,00.000222600000, -11.20000,
,,,00.000222800000, -11.60000,
,,,00.000223000000, -11.20000,
,,,00.000223200000, -10.80000,
,,,00.000223400000, -10.80000,
,,,00.000223600000, -11.20000,
,,,00.000223800000, -10.80000,
,,,00.000224000000, -10.80000,
,,,00.000224200000, -11.20000,
,,,00.000224400000, -11.60000,
,,,00.000224600000, -10.80000,
,,,00.000224800000, -10.80000,
,,,00.000225000000, -11.20000,
,,,00.000225200000, -11.20000,
,,,00.000225400000, -10.80000,
,,,00.000225600000, -11.60000,
,,,00.000225800000, -10.80000,
,,,00.000226000000, -10.80000,
,,,00.000226200000, -10.80000,
,,,00.000226400000, -11.20000,
,,,00.000226600000, -11.60000,
,,,00.000226800000, -10.80000,
,,,00.000227000000, -11.20000,
,,,00.000227200000, -11.20000,
,,,00.000227400000, -11.20000,
,,,00.000227600000, -10.80000,
,,,00.000227800000, -10.80000,
,,,00.000228000000, -11.20000,
,,,00.000228200000, -11.20000,
,,,00.000228400000, -11.20000,
,,,00.000228600000, -11.20000,
,,,00.000228800000, -11.60000,
,,,00.000229000000, -11.60000,
,,,00.000229200000, -11.20000,
,,,00.000229400000, -11.20000,
,,,00.000229600000, -11.20000,
,,,00.000229800000, -11.60000,
,,,00.000230000000, -11.60000,
,,,00.000230200000, -11.20000,
,,,00.000230400000, -11.60000,
,,,00.000230600000, -11.60000,
,,,00.000230800000, -10.80000,
,,,00.000231000000, -10.80000,
,,,00.000231200000, -11.20000,
,,,00.000231400000, -11.20000,
,,,00.000231600000, -11.20000,
,,,00.000231800000, -11.20000,
,,,00.000232000000, -11.20000,
,,,00.000232200000, -10.80000,
,,,00.000232400000, -10.80000,
,,,00.000232600000, -11.20000,
,,,00.000232800000, -10.80000,
,,,00.000233000000, -11.60000,
,,,00.000233200000, -11.20000,
,,,00.000233400000, -11.20000,
,,,00.000233600000, -10.80000,
,,,00.000233800000, -11.60000,
,,,00.000234000000, -11.20000,
,,,00.000234200000, -10.80000,
,,,00.000234400000, -10.80000,
,,,00.000234600000, -11.60000,
,,,00.000234800000, -11.60000,
,,,00.000235000000, -10.80000,
,,,00.000235200000, -11.20000,
,,,00.000235400000, -11.20000,
,,,00.000235600000, -11.20000,
,,,00.000235800000, -10.80000,
,,,00.000236000000, -11.20000,
,,,00.000236200000, -11.20000,
,,,00.000236400000, -11.20000,
,,,00.000236600000, -10.80000,
,,,00.000236800000, -10.80000,
,,,00.000237000000, -10.80000,
,,,00.000237200000, -11.20000,
,,,00.000237400000, -11.20000,
,,,00.000237600000, -11.20000,
,,,00.000237800000, -10.80000,
,,,00.000238000000, -11.20000,
,,,00.000238200000, -10.80000,
,,,00.000238400000, -10.80000,
,,,00.000238600000, -10.80000,
,,,00.000238800000, -11.20000,
,,,00.000239000000, -10.80000,
,,,00.000239200000, -11.20000,
,,,00.000239400000, -10.80000,
,,,00.000239600000, -11.20000,
,,,00.000239800000, -11.20000,
,,,00.000240000000, -10.80000,
,,,00.000240200000, -10.80000,
,,,00.000240400000, -10.80000,
,,,00.000240600000, -10.80000,
,,,00.000240800000, -11.20000,
,,,00.000241000000, -11.20000,
,,,00.000241200000, -11.20000,
,,,00.000241400000, -11.20000,
,,,00.000241600000, -11.20000,
,,,00.000241800000, -10.80000,
,,,00.000242000000, -11.20000,
,,,00.000242200000, -11.20000,
,,,00.000242400000, -11.20000,
,,,00.000242600000, -11.20000,
,,,00.000242800000, -11.20000,
,,,00.000243000000, -11.20000,
,,,00.000243200000, -11.20000,
,,,00.000243400000, -11.20000,
,,,00.000243600000, -11.20000,
,,,00.000243800000, -11.20000,
,,,00.000244000000, -10.80000,
,,,00.000244200000, -11.20000,
,,,00.000244400000, -11.20000,
,,,00.000244600000, -11.60000,
,,,00.000244800000, -11.20000,
,,,00.000245000000, -11.20000,
,,,00.000245200000, -10.80000,
,,,00.000245400000, -10.80000,
,,,00.000245600000, -10.80000,
,,,00.000245800000, -10.80000,
,,,00.000246000000, -10.80000,
,,,00.000246200000, -11.20000,
,,,00.000246400000, -11.20000,
,,,00.000246600000, -10.80000,
,,,00.000246800000, -10.80000,
,,,00.000247000000, -11.20000,
,,,00.000247200000, -10.80000,
,,,00.000247400000, -10.80000,
,,,00.000247600000, -10.80000,
,,,00.000247800000, -11.20000,
,,,00.000248000000, -11.60000,
,,,00.000248200000, -11.20000,
,,,00.000248400000, -10.80000,
,,,00.000248600000, -11.20000,
,,,00.000248800000, -11.20000,
,,,00.000249000000, -10.80000,
,,,00.000249200000, -11.20000,
,,,00.000249400000, -11.60000,
,,,00.000249600000, -10.80000,
,,,00.000249800000, -11.20000,
